transaction_id,user_id,merchant_id,amount,timestamp,location_lat,location_lon,is_fraud
txn_0000046251,user_00605,merchant_00236,27.48,2026-01-05 07:19:50.276571,25.766017,-78.660458,0
txn_0000050873,user_00917,merchant_00220,96.21,2026-01-09 08:16:19.276571,36.83088,-67.904903,0
txn_0000049190,user_00983,merchant_00355,9.7,2025-11-15 18:50:54.276571,39.669532,-66.749735,0
txn_0000042434,user_00483,merchant_00250,46.64,2026-01-05 23:02:14.276571,43.781847,-102.727718,0
txn_0000055866,user_00317,merchant_00102,1.0,2026-01-20 17:33:08.276571,40.348686,-103.954629,0
txn_0000084679,user_00383,merchant_00106,26.41,2026-01-05 17:30:25.276571,26.904384,-104.626163,0
txn_0000021635,user_00505,merchant_00314,22.84,2026-01-12 15:23:10.276571,39.87985,-83.283019,0
txn_0000090277,user_00928,merchant_00287,408.2,2026-01-09 18:51:59.276571,26.366185,-103.083578,0
txn_0000001044,user_00907,merchant_00494,62.27,2025-12-22 19:54:00.276571,26.427331,-105.18834,0
txn_0000056210,user_00161,merchant_00243,38.89,2025-12-13 06:58:36.276571,37.132409,-94.820808,0
txn_0000052397,user_00909,merchant_00009,7.1,2025-11-22 21:07:18.276571,40.403231,-107.008697,0
txn_0000015565,user_00056,merchant_00323,12.89,2025-12-05 20:13:29.276571,40.623428,-73.687431,0
txn_0000082039,user_00167,merchant_00364,37.1,2025-12-08 16:02:25.276571,34.026481,-83.762488,0
txn_0000000052,user_00362,merchant_00366,65.3,2025-11-12 20:11:11.276571,32.992405,-74.136623,0
txn_0000061867,user_00725,merchant_00042,39.98,2025-11-16 11:27:20.276571,26.304522,-117.897499,0
txn_0000053934,user_00441,merchant_00073,56.78,2026-01-16 18:38:27.276571,39.787571,-97.541245,0
txn_0000099412,user_00210,merchant_00225,1.0,2025-10-29 03:01:06.276571,27.036822,-120.719207,1
txn_0000060071,user_00624,merchant_00465,246.28,2025-10-30 12:56:40.276571,30.726533,-122.170164,0
txn_0000090742,user_00510,merchant_00210,47.39,2025-12-25 05:06:43.276571,32.060371,-114.429351,0
txn_0000041993,user_00667,merchant_00114,7.12,2025-12-30 11:12:40.276571,29.581683,-69.048548,0
txn_0000016528,user_00814,merchant_00238,37.45,2025-12-26 14:23:25.276571,28.196074,-105.830288,0
txn_0000086537,user_00430,merchant_00332,31.41,2025-10-31 07:18:28.276571,33.906478,-103.570807,0
txn_0000021315,user_00835,merchant_00206,1.0,2026-01-09 10:04:22.276571,39.344186,-74.418939,0
txn_0000002460,user_00294,merchant_00095,1.0,2025-11-15 12:43:35.276571,26.799239,-78.687359,0
txn_0000046407,user_00629,merchant_00069,1.0,2025-12-05 07:43:28.276571,29.330506,-86.245658,0
txn_0000063567,user_00803,merchant_00379,21.95,2025-11-11 11:34:28.276571,33.313756,-91.783807,0
txn_0000074624,user_00041,merchant_00281,35.34,2026-01-16 17:33:32.276571,40.609342,-97.731087,0
txn_0000050390,user_00939,merchant_00494,26.44,2026-01-22 12:34:05.276571,36.523169,-118.107096,0
txn_0000023966,user_00022,merchant_00129,21.05,2026-01-20 13:44:15.276571,26.960778,-113.446551,0
txn_0000048107,user_00089,merchant_00338,25.77,2025-11-24 09:24:09.276571,30.857283,-90.259642,0
txn_0000066203,user_00343,merchant_00025,77.5,2026-01-08 06:09:59.276571,38.430713,-120.558149,0
txn_0000095343,user_00068,merchant_00201,38.38,2026-01-13 13:47:44.276571,35.627823,-93.884221,1
txn_0000078448,user_00512,merchant_00061,12.89,2025-11-13 04:05:28.276571,38.992298,-93.697808,0
txn_0000027755,user_00654,merchant_00028,35.11,2025-11-30 22:31:30.276571,31.975573,-102.623774,0
txn_0000027054,user_00028,merchant_00454,20.47,2025-11-11 22:04:16.276571,41.101256,-80.507483,0
txn_0000015279,user_00879,merchant_00253,1.0,2025-11-23 16:59:08.276571,42.616148,-93.911765,0
txn_0000071579,user_00129,merchant_00113,52.33,2025-12-30 19:19:21.276571,43.771466,-89.842484,0
txn_0000064265,user_00100,merchant_00028,39.75,2025-11-08 10:26:07.276571,35.221583,-91.308674,0
txn_0000025024,user_00664,merchant_00194,1.0,2026-01-24 06:22:50.276571,24.927395,-83.115534,0
txn_0000053993,user_00024,merchant_00196,104.2,2025-11-12 12:40:21.276571,27.825071,-103.355369,0
txn_0000061472,user_00804,merchant_00290,72.01,2025-11-15 17:45:01.276571,46.687503,-64.687745,0
txn_0000077614,user_00964,merchant_00242,60.32,2026-01-17 15:46:59.276571,27.835795,-83.348881,0
txn_0000022545,user_00452,merchant_00130,21.21,2025-12-04 05:49:18.276571,31.765549,-118.164696,0
txn_0000047307,user_00704,merchant_00016,81.57,2025-11-26 14:45:11.276571,37.92652,-98.985419,0
txn_0000026517,user_00364,merchant_00007,1.0,2025-11-20 18:17:27.276571,27.699942,-66.458959,0
txn_0000018168,user_00463,merchant_00003,45.0,2026-01-08 08:51:47.276571,40.436842,-65.418338,0
txn_0000060012,user_00370,merchant_00408,1.0,2025-12-14 14:10:43.276571,32.271709,-114.982605,0
txn_0000090555,user_00529,merchant_00450,25.02,2026-01-04 20:57:08.276571,32.088322,-123.815001,0
txn_0000025104,user_00539,merchant_00095,9.08,2025-11-02 08:09:26.276571,38.63037,-118.262884,0
txn_0000041479,user_00235,merchant_00102,1.62,2026-01-13 17:20:55.276571,47.3626,-114.061954,0
txn_0000036967,user_00482,merchant_00202,80.66,2025-11-30 07:57:15.276571,39.951122,-88.816159,0
txn_0000095301,user_00627,merchant_00373,104.42,2025-11-08 23:45:38.276571,35.678122,-115.041506,1
txn_0000070340,user_00843,merchant_00478,29.36,2025-11-30 04:54:51.276571,29.299651,-83.218508,0
txn_0000057135,user_00532,merchant_00425,1.0,2025-12-31 13:50:32.276571,30.967674,-81.435672,0
txn_0000095818,user_00313,merchant_00373,1.0,2025-12-17 02:20:44.276571,44.2795,-91.57924,1
txn_0000000372,user_00164,merchant_00023,3.95,2025-12-03 15:55:41.276571,31.011217,-70.002197,0
txn_0000026707,user_00382,merchant_00346,1.0,2026-01-21 11:32:07.276571,26.417682,-106.950799,0
txn_0000055779,user_00277,merchant_00287,8.84,2026-01-03 10:54:27.276571,42.964234,-71.475781,0
txn_0000018437,user_00040,merchant_00183,245.36,2026-01-25 08:20:40.276571,32.075796,-102.621763,0
txn_0000072861,user_00498,merchant_00010,10.81,2025-10-29 13:00:43.276571,38.549584,-97.580964,0
txn_0000065100,user_00429,merchant_00278,49.24,2026-01-13 08:49:55.276571,42.523801,-73.926594,0
txn_0000026973,user_00448,merchant_00151,57.59,2025-12-23 18:32:03.276571,27.723377,-94.538804,0
txn_0000019422,user_00169,merchant_00320,59.37,2025-11-26 23:11:37.276571,42.593827,-71.619732,0
txn_0000026155,user_00942,merchant_00452,34.37,2026-01-10 21:33:54.276571,39.317537,-110.961641,0
txn_0000004482,user_00564,merchant_00059,55.58,2025-11-30 15:19:27.276571,33.747809,-87.424111,0
txn_0000005394,user_00466,merchant_00032,53.99,2026-01-07 15:01:16.276571,29.732257,-88.429991,0
txn_0000030794,user_00280,merchant_00262,1.0,2025-12-22 10:04:00.276571,31.200747,-98.854509,0
txn_0000097333,user_00313,merchant_00168,1.0,2025-12-09 12:42:20.276571,52.793473,-85.901132,1
txn_0000073712,user_00153,merchant_00397,61.4,2025-11-23 11:40:24.276571,30.777401,-112.10471,0
txn_0000098753,user_00145,merchant_00139,110.43,2026-01-13 03:42:34.276571,26.112547,-117.879985,1
txn_0000084370,user_00741,merchant_00358,18.08,2025-10-29 13:03:37.276571,27.261821,-101.931973,0
txn_0000035358,user_00787,merchant_00318,60.17,2025-11-25 18:59:48.276571,45.823188,-115.417687,0
txn_0000067101,user_00987,merchant_00012,170.05,2025-12-26 03:12:19.276571,39.471451,-72.955393,0
txn_0000014556,user_00883,merchant_00091,30.66,2025-11-11 02:53:25.276571,38.146252,-68.034178,0
txn_0000004659,user_00263,merchant_00370,61.66,2025-11-14 05:10:02.276571,45.880261,-83.483087,0
txn_0000093543,user_00549,merchant_00358,46.46,2025-11-28 09:02:13.276571,26.593684,-88.853766,0
txn_0000090069,user_00950,merchant_00090,101.81,2025-12-12 23:20:48.276571,30.609838,-85.23239,0
txn_0000009750,user_00514,merchant_00001,42.61,2025-12-28 05:59:31.276571,46.168946,-90.681811,0
txn_0000099997,user_00216,merchant_00363,2.64,2026-01-26 06:33:22.276571,31.360986,-108.385473,1
txn_0000040593,user_00146,merchant_00070,73.17,2025-11-28 21:58:49.276571,26.093518,-83.58153,0
txn_0000081678,user_00521,merchant_00090,161.27,2025-11-28 15:27:28.276571,46.856034,-120.262408,0
txn_0000013236,user_00862,merchant_00091,109.34,2025-12-25 13:05:45.276571,45.218885,-89.334626,0
txn_0000063777,user_00300,merchant_00243,37.98,2025-11-01 18:07:00.276571,28.507122,-98.262943,0
txn_0000090063,user_00054,merchant_00250,7.62,2025-12-30 10:16:33.276571,34.690867,-104.200078,0
txn_0000084803,user_00226,merchant_00109,1.75,2026-01-14 18:18:12.276571,26.933697,-66.68538,0
txn_0000089363,user_00595,merchant_00155,3.77,2026-01-26 13:43:27.276571,38.113067,-86.279158,0
txn_0000031245,user_00854,merchant_00138,1.0,2025-12-16 15:35:15.276571,41.510808,-88.082424,0
txn_0000091664,user_00398,merchant_00008,37.39,2026-01-15 11:28:36.276571,37.272034,-86.366601,0
txn_0000052614,user_00083,merchant_00438,85.19,2025-12-26 17:14:47.276571,35.985662,-69.772415,0
txn_0000086419,user_00976,merchant_00416,40.25,2025-11-25 15:26:09.276571,39.037124,-82.048804,0
txn_0000044553,user_00331,merchant_00264,24.58,2025-12-12 10:50:09.276571,29.717196,-122.929401,0
txn_0000046526,user_00425,merchant_00197,1.0,2025-12-19 16:43:29.276571,38.100922,-78.005892,0
txn_0000089724,user_00652,merchant_00158,63.54,2025-11-11 23:35:48.276571,31.220799,-86.993938,0
txn_0000059136,user_00471,merchant_00289,1.0,2025-11-15 21:14:12.276571,39.742132,-93.636928,0
txn_0000068075,user_00717,merchant_00176,23.27,2026-01-19 17:59:40.276571,29.457201,-100.52146,0
txn_0000037079,user_00983,merchant_00136,1.0,2026-01-19 18:39:05.276571,39.774406,-65.460739,0
txn_0000024332,user_00100,merchant_00342,40.31,2026-01-10 09:15:33.276571,34.431501,-91.919235,0
txn_0000014768,user_00950,merchant_00402,66.83,2025-12-17 21:11:03.276571,30.046633,-85.331897,0
txn_0000069875,user_00688,merchant_00121,17.25,2025-11-24 19:36:01.276571,38.755235,-83.352133,0
txn_0000074188,user_00542,merchant_00173,91.05,2026-01-01 05:56:53.276571,46.539114,-70.191586,0
txn_0000045416,user_00582,merchant_00044,80.98,2025-12-15 10:00:54.276571,40.754859,-119.894093,0
txn_0000072783,user_00369,merchant_00023,9.8,2026-01-16 13:51:54.276571,46.661431,-78.898831,0
txn_0000080662,user_00462,merchant_00466,21.96,2026-01-11 05:25:16.276571,36.421257,-99.204049,0
txn_0000074387,user_00738,merchant_00093,1.0,2025-12-26 21:45:58.276571,28.638626,-101.027364,0
txn_0000040298,user_00457,merchant_00306,56.34,2025-12-21 19:37:25.276571,31.75518,-113.913605,0
txn_0000026002,user_00534,merchant_00487,116.31,2025-12-08 14:22:51.276571,30.950607,-101.457261,0
txn_0000010760,user_00765,merchant_00057,1.0,2025-12-03 13:43:24.276571,37.55074,-78.048319,0
txn_0000087205,user_00739,merchant_00326,1.0,2025-11-10 14:00:16.276571,44.520781,-76.823148,0
txn_0000009137,user_00100,merchant_00191,54.68,2026-01-21 12:37:04.276571,34.844896,-91.952587,0
txn_0000003055,user_00048,merchant_00333,25.72,2026-01-17 20:54:30.276571,31.89324,-65.872165,0
txn_0000039833,user_00797,merchant_00137,12.65,2026-01-09 23:51:33.276571,41.292306,-76.467951,0
txn_0000039339,user_00556,merchant_00268,36.41,2026-01-23 08:49:14.276571,41.520699,-99.69387,0
txn_0000094048,user_00921,merchant_00106,11.07,2026-01-17 12:54:01.276571,44.359038,-87.78779,0
txn_0000057899,user_00763,merchant_00169,38.22,2025-12-17 19:10:45.276571,38.751974,-78.257587,0
txn_0000025054,user_00486,merchant_00209,1.0,2026-01-03 10:13:06.276571,28.467577,-78.283308,0
txn_0000041384,user_00146,merchant_00192,52.0,2025-12-27 18:28:33.276571,25.785579,-84.022567,0
txn_0000010851,user_00908,merchant_00025,184.86,2025-12-27 07:16:08.276571,47.036452,-82.698312,0
txn_0000076901,user_00342,merchant_00204,452.42,2025-11-23 10:34:50.276571,45.331102,-120.577727,0
txn_0000072214,user_00354,merchant_00041,32.48,2025-12-05 16:40:13.276571,33.388441,-86.388199,0
txn_0000095251,user_00782,merchant_00443,379.79,2026-01-14 20:32:19.276571,40.294037,-73.19774,1
txn_0000021736,user_00571,merchant_00429,138.9,2026-01-11 11:06:48.276571,29.962529,-87.433035,0
txn_0000054389,user_00105,merchant_00386,118.18,2025-12-02 16:15:16.276571,41.710643,-102.037492,0
txn_0000044845,user_00267,merchant_00400,1.0,2026-01-19 14:15:33.276571,36.79534,-69.163379,0
txn_0000070200,user_00282,merchant_00052,110.14,2025-12-24 17:40:53.276571,35.700272,-72.254601,0
txn_0000091969,user_00724,merchant_00287,44.18,2026-01-12 20:49:41.276571,32.214586,-100.846518,0
txn_0000099739,user_00388,merchant_00049,57.32,2025-12-03 18:39:08.276571,42.291732,-76.511647,1
txn_0000003365,user_00983,merchant_00136,1.0,2026-01-07 15:20:32.276571,39.687415,-65.815112,0
txn_0000016756,user_00111,merchant_00440,21.17,2025-11-26 12:49:37.276571,40.875315,-70.816159,0
txn_0000022557,user_00230,merchant_00382,265.43,2025-11-11 12:20:12.276571,31.59431,-112.22195,0
txn_0000064217,user_00639,merchant_00219,124.22,2025-12-03 11:16:44.276571,32.013079,-103.122564,0
txn_0000060964,user_00148,merchant_00452,110.67,2025-12-11 18:23:32.276571,34.910036,-111.403351,0
txn_0000067271,user_00359,merchant_00272,33.61,2026-01-12 09:48:41.276571,46.337752,-104.871772,0
txn_0000032895,user_00633,merchant_00319,27.81,2025-12-05 10:34:33.276571,27.367177,-115.403886,0
txn_0000037619,user_00111,merchant_00125,23.3,2025-12-03 14:59:48.276571,41.573419,-70.708154,0
txn_0000058743,user_00819,merchant_00491,3.5,2026-01-16 04:25:50.276571,38.796718,-99.313287,0
txn_0000063309,user_00972,merchant_00469,86.21,2025-11-21 16:04:58.276571,39.029929,-88.413505,0
txn_0000089411,user_00112,merchant_00224,18.52,2025-12-28 18:38:56.276571,42.762807,-79.222689,0
txn_0000066285,user_00296,merchant_00468,7.6,2026-01-25 08:36:40.276571,29.37511,-89.611533,0
txn_0000044788,user_00650,merchant_00192,7.38,2026-01-22 23:47:23.276571,42.363288,-118.88971,0
txn_0000009971,user_00956,merchant_00009,11.54,2025-11-02 12:51:26.276571,35.693505,-119.575459,0
txn_0000065753,user_00400,merchant_00001,1.0,2025-11-02 15:37:40.276571,37.811361,-104.686919,0
txn_0000058653,user_00082,merchant_00109,88.77,2025-11-12 06:26:13.276571,39.001689,-115.067552,0
txn_0000041132,user_00299,merchant_00176,63.82,2025-12-09 06:04:40.276571,28.545601,-76.412879,0
txn_0000076978,user_00811,merchant_00439,46.5,2025-11-09 15:21:39.276571,26.327588,-73.283322,0
txn_0000033957,user_00771,merchant_00221,46.8,2025-11-28 18:49:40.276571,34.417672,-75.48701,0
txn_0000016393,user_00143,merchant_00294,18.48,2026-01-20 23:22:39.276571,39.564615,-84.727097,0
txn_0000077203,user_00271,merchant_00308,1.0,2025-11-02 17:07:22.276571,41.169944,-66.332625,0
txn_0000054209,user_00397,merchant_00037,65.62,2025-12-15 16:44:52.276571,28.00432,-82.404275,0
txn_0000079636,user_00365,merchant_00131,48.33,2025-12-24 19:05:15.276571,43.397843,-65.635891,0
txn_0000015949,user_00238,merchant_00472,30.06,2025-11-05 08:35:47.276571,27.087794,-87.772075,0
txn_0000097065,user_00119,merchant_00122,115.69,2026-01-11 15:36:49.276571,32.188783,-120.500518,1
txn_0000089645,user_00919,merchant_00271,300.71,2026-01-18 12:23:39.276571,41.402231,-87.898291,0
txn_0000040205,user_00516,merchant_00229,1.0,2025-12-05 13:41:05.276571,29.204774,-67.478039,0
txn_0000005306,user_00946,merchant_00105,18.37,2025-10-29 16:55:14.276571,37.454969,-84.197544,0
txn_0000021985,user_00448,merchant_00411,85.95,2026-01-25 13:42:09.276571,27.160792,-97.154435,0
txn_0000027892,user_00853,merchant_00377,1.0,2026-01-11 16:39:22.276571,32.386945,-112.091156,0
txn_0000026746,user_00527,merchant_00028,19.89,2025-11-10 13:49:06.276571,35.176497,-74.29154,0
txn_0000058321,user_00254,merchant_00347,46.35,2026-01-08 19:53:17.276571,46.111984,-117.748816,0
txn_0000096004,user_00588,merchant_00485,1.0,2025-11-26 00:39:16.276571,46.843342,-81.552793,1
txn_0000037037,user_00670,merchant_00020,1.0,2025-11-10 12:03:31.276571,47.491532,-99.454686,0
txn_0000008779,user_00638,merchant_00453,64.21,2025-12-04 19:08:26.276571,43.657221,-103.336486,0
txn_0000016938,user_00967,merchant_00485,19.48,2025-12-28 08:57:40.276571,42.069722,-110.501074,0
txn_0000014435,user_00334,merchant_00218,26.51,2026-01-07 13:37:18.276571,38.522773,-92.616005,0
txn_0000018788,user_00472,merchant_00105,17.22,2025-11-19 20:45:29.276571,43.150135,-98.866681,0
txn_0000065327,user_00275,merchant_00136,1.0,2025-11-19 05:11:03.276571,31.622111,-78.388001,0
txn_0000042588,user_00616,merchant_00260,354.09,2026-01-24 17:16:38.276571,46.413737,-86.426951,0
txn_0000034584,user_00648,merchant_00300,34.62,2025-11-18 16:52:05.276571,43.131321,-93.896179,0
txn_0000053721,user_00620,merchant_00450,19.06,2025-10-31 18:21:03.276571,45.330599,-79.398536,0
txn_0000047225,user_00734,merchant_00479,30.31,2025-12-05 17:33:06.276571,36.299248,-108.990049,0
txn_0000060100,user_00571,merchant_00143,58.9,2025-12-12 10:53:07.276571,28.587563,-87.368976,0
txn_0000029070,user_00794,merchant_00339,18.98,2025-11-18 10:13:07.276571,35.866694,-81.142426,0
txn_0000012541,user_00115,merchant_00403,130.73,2025-11-17 08:28:47.276571,29.050654,-101.232422,0
txn_0000050700,user_00021,merchant_00120,20.41,2026-01-14 15:47:12.276571,44.782078,-124.417304,0
txn_0000053447,user_00430,merchant_00332,38.13,2026-01-16 10:36:29.276571,34.18396,-102.993118,0
txn_0000029554,user_00827,merchant_00297,1.0,2025-11-24 19:09:45.276571,33.337758,-64.809882,0
txn_0000038728,user_00045,merchant_00139,10.09,2026-01-20 10:24:08.276571,29.888452,-101.134284,0
txn_0000050671,user_00821,merchant_00287,22.6,2025-12-29 16:39:13.276571,45.68062,-106.8765,0
txn_0000002934,user_00878,merchant_00146,26.9,2025-12-26 09:25:40.276571,47.362497,-74.218014,0
txn_0000097429,user_00000,merchant_00350,107.69,2025-12-13 21:34:23.276571,36.925228,-107.911797,1
txn_0000019763,user_00762,merchant_00040,37.15,2025-11-22 04:10:23.276571,41.978649,-96.906648,0
txn_0000070342,user_00354,merchant_00376,25.72,2025-12-12 23:34:12.276571,33.626117,-85.760758,0
txn_0000043896,user_00183,merchant_00456,67.74,2025-12-06 13:13:53.276571,43.267115,-119.552523,0
txn_0000045444,user_00498,merchant_00314,28.92,2025-11-24 07:57:51.276571,38.716632,-97.698518,0
txn_0000048970,user_00466,merchant_00004,1.0,2025-12-17 20:51:01.276571,30.653843,-89.764876,0
txn_0000084181,user_00389,merchant_00227,28.89,2025-11-29 19:52:44.276571,29.02546,-84.10089,0
txn_0000073122,user_00617,merchant_00420,16.12,2025-12-18 20:29:04.276571,44.70018,-98.632189,0
txn_0000080303,user_00772,merchant_00220,6.45,2026-01-08 10:55:18.276571,39.546547,-112.754654,0
txn_0000007885,user_00312,merchant_00340,27.49,2025-11-02 19:30:21.276571,37.505214,-107.379587,0
txn_0000010139,user_00962,merchant_00346,1.0,2025-12-31 09:04:49.276571,31.560465,-120.809495,0
txn_0000088836,user_00693,merchant_00319,4.09,2025-12-31 15:21:23.276571,49.102472,-108.360789,0
txn_0000082524,user_00439,merchant_00134,34.48,2025-12-18 15:14:52.276571,41.865041,-123.331376,0
txn_0000023616,user_00787,merchant_00008,67.63,2025-11-08 19:50:18.276571,45.66556,-115.43446,0
txn_0000092617,user_00001,merchant_00448,1.0,2025-12-19 11:13:50.276571,44.712976,-108.748784,0
txn_0000011725,user_00268,merchant_00050,40.92,2025-11-15 21:48:55.276571,42.235512,-96.636514,0
txn_0000057183,user_00073,merchant_00217,43.02,2025-12-30 09:51:50.276571,44.118866,-75.330211,0
txn_0000034399,user_00669,merchant_00389,26.4,2025-12-13 13:10:10.276571,37.927969,-119.67374,0
txn_0000006661,user_00594,merchant_00143,1.0,2026-01-18 16:46:24.276571,30.420733,-124.716154,0
txn_0000026161,user_00517,merchant_00047,251.05,2025-12-15 16:04:00.276571,32.726248,-65.580911,0
txn_0000006309,user_00284,merchant_00233,3.41,2025-11-25 19:02:31.276571,27.834648,-70.215771,0
txn_0000013762,user_00247,merchant_00027,51.02,2025-11-29 04:41:47.276571,30.421591,-101.031493,0
txn_0000081684,user_00021,merchant_00420,43.68,2025-11-11 16:51:52.276571,43.825471,-125.033238,0
txn_0000033883,user_00883,merchant_00091,34.46,2025-11-23 06:48:09.276571,38.004955,-67.545758,0
txn_0000000178,user_00517,merchant_00192,164.23,2025-12-09 15:13:01.276571,32.126812,-65.6549,0
txn_0000091599,user_00863,merchant_00210,1.0,2025-11-29 14:09:01.276571,41.91384,-118.212936,0
txn_0000014902,user_00470,merchant_00166,121.58,2025-11-07 13:36:23.276571,26.161193,-115.105888,0
txn_0000034151,user_00250,merchant_00292,18.84,2026-01-19 05:02:37.276571,45.407572,-104.757514,0
txn_0000021344,user_00426,merchant_00416,16.96,2025-10-29 14:29:13.276571,43.030147,-83.765855,0
txn_0000096834,user_00527,merchant_00140,242.29,2026-01-06 22:01:38.276571,34.448213,-73.254518,1
txn_0000063490,user_00562,merchant_00077,116.09,2025-11-30 12:41:40.276571,44.026942,-74.91011,0
txn_0000049592,user_00392,merchant_00291,1.0,2025-12-26 21:52:51.276571,37.065782,-119.041588,0
txn_0000033617,user_00473,merchant_00273,1.0,2025-11-07 20:53:33.276571,45.100891,-66.082819,0
txn_0000072296,user_00878,merchant_00424,20.64,2025-11-01 16:57:51.276571,46.370634,-75.535957,0
txn_0000099133,user_00417,merchant_00014,215.01,2025-10-29 16:23:08.276571,27.844716,-78.792169,1
txn_0000053533,user_00229,merchant_00212,23.96,2025-12-02 09:52:34.276571,46.688702,-118.883369,0
txn_0000049240,user_00607,merchant_00121,37.47,2026-01-17 09:04:14.276571,38.421304,-66.259643,0
txn_0000088572,user_00070,merchant_00009,76.33,2025-11-24 11:01:27.276571,33.157746,-123.090924,0
txn_0000064118,user_00733,merchant_00200,21.76,2025-12-13 14:33:17.276571,47.940791,-72.991526,0
txn_0000011637,user_00229,merchant_00122,23.23,2025-11-28 10:08:27.276571,46.774992,-119.100878,0
txn_0000051535,user_00543,merchant_00353,13.59,2025-12-21 04:19:13.276571,31.26463,-65.541849,0
txn_0000075203,user_00836,merchant_00384,98.11,2025-11-22 10:55:39.276571,32.546101,-102.615475,0
txn_0000034799,user_00843,merchant_00443,39.77,2025-12-01 07:38:42.276571,30.192074,-82.414234,0
txn_0000026381,user_00249,merchant_00110,29.59,2025-10-29 07:55:32.276571,26.800654,-68.592491,0
txn_0000019280,user_00308,merchant_00445,111.5,2025-11-05 21:50:40.276571,30.904958,-77.531007,0
txn_0000025284,user_00856,merchant_00315,1.0,2025-11-11 12:57:24.276571,30.708244,-80.888199,0
txn_0000010272,user_00733,merchant_00232,74.93,2025-11-02 07:22:06.276571,47.203038,-73.726566,0
txn_0000086055,user_00751,merchant_00420,36.99,2026-01-10 17:54:31.276571,24.329671,-80.527831,0
txn_0000045799,user_00112,merchant_00439,28.3,2026-01-12 21:44:56.276571,43.359741,-81.150938,0
txn_0000076086,user_00098,merchant_00144,56.06,2025-10-31 07:53:20.276571,38.964666,-120.81945,0
txn_0000034760,user_00322,merchant_00292,90.05,2025-11-30 16:43:57.276571,41.428711,-119.757159,0
txn_0000051731,user_00668,merchant_00313,1.0,2025-12-02 19:58:32.276571,26.432103,-76.49623,0
txn_0000060130,user_00954,merchant_00221,279.63,2025-12-20 15:18:51.276571,41.332035,-72.530158,0
txn_0000028325,user_00195,merchant_00143,10.81,2025-11-25 11:38:24.276571,46.191847,-79.458896,0
txn_0000063884,user_00966,merchant_00201,86.44,2025-12-17 13:05:01.276571,47.003181,-87.353051,0
txn_0000083760,user_00618,merchant_00315,117.17,2025-11-15 10:12:05.276571,26.576707,-82.367213,0
txn_0000011384,user_00798,merchant_00234,127.91,2026-01-12 14:16:01.276571,33.883017,-72.391923,0
txn_0000092873,user_00371,merchant_00016,133.42,2025-11-22 10:07:14.276571,39.71876,-100.447054,0
txn_0000092831,user_00420,merchant_00039,28.69,2025-11-04 11:16:59.276571,47.29301,-120.180963,0
txn_0000019370,user_00002,merchant_00044,66.92,2025-11-04 11:27:00.276571,28.138724,-116.064051,0
txn_0000053660,user_00913,merchant_00462,87.2,2025-12-08 23:42:04.276571,26.789309,-93.80299,0
txn_0000097764,user_00784,merchant_00122,40.18,2025-10-30 15:39:53.276571,26.344092,-69.032406,1
txn_0000067700,user_00608,merchant_00434,131.49,2025-11-11 15:00:51.276571,32.696622,-80.518694,0
txn_0000023925,user_00898,merchant_00359,1.0,2025-11-15 07:20:21.276571,29.726372,-107.69034,0
txn_0000018416,user_00975,merchant_00091,24.45,2026-01-05 14:34:08.276571,36.651749,-73.264138,0
txn_0000007916,user_00282,merchant_00045,128.77,2025-11-26 20:05:18.276571,35.853009,-72.619024,0
txn_0000076426,user_00293,merchant_00221,1.0,2025-11-17 17:25:25.276571,44.30679,-91.018302,0
txn_0000086622,user_00030,merchant_00443,136.16,2025-12-04 10:15:39.276571,44.349118,-65.966015,0
txn_0000034403,user_00956,merchant_00308,1.0,2025-12-16 14:31:34.276571,34.182086,-119.783117,0
txn_0000052459,user_00674,merchant_00348,20.17,2025-11-06 09:25:43.276571,47.290555,-108.053922,0
txn_0000016998,user_00456,merchant_00040,67.39,2026-01-15 23:32:28.276571,31.681269,-65.973692,0
txn_0000004461,user_00212,merchant_00058,69.66,2025-12-01 18:47:10.276571,40.077196,-123.133081,0
txn_0000099558,user_00493,merchant_00467,81.39,2026-01-11 21:48:26.276571,35.58008,-75.828447,1
txn_0000059724,user_00395,merchant_00334,24.95,2025-12-27 18:11:43.276571,27.207456,-93.296388,0
txn_0000026100,user_00258,merchant_00011,13.05,2025-11-29 07:35:37.276571,38.382103,-95.406749,0
txn_0000049063,user_00871,merchant_00213,41.06,2025-12-05 17:04:35.276571,29.401119,-115.555736,0
txn_0000057305,user_00432,merchant_00141,133.17,2025-12-03 14:27:01.276571,35.693208,-100.620138,0
txn_0000046096,user_00557,merchant_00470,124.01,2026-01-09 21:15:01.276571,47.075916,-113.39638,0
txn_0000008032,user_00282,merchant_00341,187.33,2025-11-07 19:52:23.276571,35.327525,-73.144196,0
txn_0000005950,user_00726,merchant_00374,16.62,2025-12-18 19:37:05.276571,44.745383,-86.216854,0
txn_0000038271,user_00944,merchant_00081,1.0,2025-12-23 15:08:00.276571,32.124634,-73.810502,0
txn_0000036929,user_00569,merchant_00485,7.73,2026-01-16 14:28:25.276571,28.538469,-117.264711,0
txn_0000091927,user_00564,merchant_00383,86.08,2025-12-07 21:03:58.276571,33.712755,-87.430803,0
txn_0000001786,user_00590,merchant_00113,1.0,2025-12-17 18:52:51.276571,31.672123,-93.147933,0
txn_0000011370,user_00897,merchant_00131,131.61,2025-12-16 09:51:29.276571,42.812978,-98.61187,0
txn_0000035553,user_00375,merchant_00108,43.61,2025-11-22 10:02:09.276571,46.253344,-72.582507,0
txn_0000067120,user_00980,merchant_00370,1.0,2026-01-02 19:55:57.276571,31.377189,-103.897496,0
txn_0000058859,user_00591,merchant_00353,13.49,2025-12-27 12:38:23.276571,37.48895,-92.891166,0
txn_0000052184,user_00052,merchant_00310,1.0,2025-12-05 21:45:29.276571,43.922026,-83.014344,0
txn_0000009732,user_00418,merchant_00142,120.14,2026-01-24 23:13:29.276571,32.071601,-76.409322,0
txn_0000006184,user_00933,merchant_00214,28.4,2025-11-08 23:40:12.276571,32.904091,-100.994726,0
txn_0000042378,user_00873,merchant_00164,4.23,2025-12-30 14:53:11.276571,43.5476,-112.357796,0
txn_0000071874,user_00727,merchant_00006,289.3,2025-12-02 13:57:49.276571,39.095658,-89.713726,0
txn_0000022598,user_00786,merchant_00387,1.0,2025-12-04 17:37:53.276571,26.16198,-123.029285,0
txn_0000056870,user_00565,merchant_00424,56.83,2025-11-25 19:37:30.276571,34.615547,-109.380141,0
txn_0000045721,user_00523,merchant_00163,38.8,2025-12-18 17:01:51.276571,32.544904,-81.677824,0
txn_0000049404,user_00064,merchant_00345,20.51,2026-01-22 19:53:05.276571,31.283576,-106.472036,0
txn_0000010617,user_00553,merchant_00457,16.75,2025-11-17 21:04:20.276571,45.182163,-81.525201,0
txn_0000047250,user_00316,merchant_00167,145.79,2025-11-13 18:07:47.276571,36.826759,-80.0621,0
txn_0000077024,user_00422,merchant_00474,35.5,2025-12-18 23:07:49.276571,36.378357,-110.173563,0
txn_0000021176,user_00453,merchant_00158,32.62,2026-01-25 13:09:47.276571,39.563944,-72.703125,0
txn_0000092074,user_00403,merchant_00273,30.27,2025-11-19 15:37:59.276571,46.477528,-69.804946,0
txn_0000013272,user_00380,merchant_00456,1.0,2025-12-13 09:48:36.276571,28.570522,-97.804946,0
txn_0000012403,user_00161,merchant_00125,28.12,2025-12-21 10:19:59.276571,37.108155,-94.983081,0
txn_0000088599,user_00987,merchant_00294,184.44,2025-11-26 08:21:09.276571,38.99854,-72.789498,0
txn_0000075937,user_00405,merchant_00195,106.83,2025-12-23 10:38:22.276571,43.99104,-111.22314,0
txn_0000060375,user_00195,merchant_00127,46.19,2026-01-20 11:06:09.276571,45.035869,-80.436879,0
txn_0000082228,user_00594,merchant_00114,6.73,2026-01-09 17:30:05.276571,30.911538,-123.895129,0
txn_0000003478,user_00304,merchant_00225,25.11,2025-12-14 14:39:35.276571,40.12727,-118.424651,0
txn_0000084729,user_00438,merchant_00426,89.67,2025-11-28 13:04:44.276571,32.05465,-67.465781,0
txn_0000098197,user_00157,merchant_00235,32.1,2026-01-11 16:24:02.276571,53.734515,-96.326286,1
txn_0000070195,user_00551,merchant_00073,253.49,2026-01-03 13:55:23.276571,42.006935,-67.537295,0
txn_0000077041,user_00581,merchant_00120,1.0,2025-12-28 16:18:40.276571,42.933209,-105.885864,0
txn_0000051754,user_00700,merchant_00297,1.0,2026-01-16 20:26:01.276571,45.670823,-68.303312,0
txn_0000033828,user_00461,merchant_00124,58.04,2025-11-09 18:16:40.276571,42.992399,-115.66596,0
txn_0000013244,user_00760,merchant_00216,52.19,2025-11-05 11:57:25.276571,36.52519,-70.476307,0
txn_0000090977,user_00493,merchant_00385,1.0,2026-01-21 05:03:13.276571,36.425392,-75.575369,0
txn_0000048684,user_00814,merchant_00236,55.44,2025-11-10 13:37:40.276571,27.686094,-106.927846,0
txn_0000068719,user_00302,merchant_00358,56.86,2025-11-25 18:10:37.276571,39.757362,-117.400933,0
txn_0000085064,user_00083,merchant_00004,71.95,2026-01-02 14:29:04.276571,36.160319,-69.66883,0
txn_0000052998,user_00919,merchant_00022,362.9,2025-11-16 09:12:58.276571,41.645926,-87.487569,0
txn_0000097114,user_00134,merchant_00201,1.0,2025-12-20 14:27:24.276571,27.94255,-88.916902,1
txn_0000069135,user_00254,merchant_00239,81.54,2025-11-16 19:10:29.276571,46.313009,-117.132833,0
txn_0000060057,user_00152,merchant_00019,8.23,2025-11-30 21:21:18.276571,31.1369,-90.647926,0
txn_0000039783,user_00440,merchant_00268,47.12,2025-11-05 15:52:41.276571,38.276249,-114.365212,0
txn_0000057979,user_00024,merchant_00154,70.3,2026-01-07 12:57:28.276571,27.767339,-103.144692,0
txn_0000047953,user_00486,merchant_00476,33.47,2026-01-06 15:37:59.276571,28.102814,-78.201017,0
txn_0000068329,user_00826,merchant_00097,257.05,2026-01-06 20:17:26.276571,45.027355,-121.517373,0
txn_0000005557,user_00461,merchant_00089,73.56,2026-01-26 19:30:41.276571,42.659535,-116.578918,0
txn_0000063742,user_00660,merchant_00454,110.26,2026-01-20 06:11:05.276571,32.852045,-90.505989,0
txn_0000055150,user_00290,merchant_00448,102.44,2025-11-24 18:28:00.276571,29.22077,-118.502877,0
txn_0000043051,user_00874,merchant_00352,128.57,2025-11-29 10:17:03.276571,37.578013,-68.013415,0
txn_0000002756,user_00880,merchant_00463,38.39,2025-11-13 06:48:02.276571,31.207698,-121.339177,0
txn_0000025743,user_00270,merchant_00467,22.33,2025-12-12 23:59:21.276571,28.465314,-110.704856,0
txn_0000061353,user_00153,merchant_00448,17.82,2025-12-24 14:47:45.276571,30.583869,-111.437075,0
txn_0000027455,user_00434,merchant_00037,1.0,2025-11-10 18:18:44.276571,25.2674,-110.81453,0
txn_0000081576,user_00327,merchant_00290,94.87,2025-12-14 23:14:08.276571,30.61191,-101.863004,0
txn_0000099279,user_00069,merchant_00120,85.49,2025-11-05 08:47:01.276571,45.892628,-103.432663,1
txn_0000076319,user_00516,merchant_00362,39.34,2025-11-24 02:17:33.276571,29.654471,-69.221188,0
txn_0000091907,user_00873,merchant_00336,24.01,2025-12-30 14:37:49.276571,43.935795,-112.252006,0
txn_0000014184,user_00134,merchant_00301,18.84,2025-12-31 17:21:58.276571,28.888208,-88.68832,0
txn_0000088979,user_00237,merchant_00181,53.32,2025-11-28 19:58:13.276571,30.875424,-97.83014,0
txn_0000059881,user_00305,merchant_00379,52.37,2025-12-06 19:55:22.276571,38.443506,-95.555649,0
txn_0000097697,user_00555,merchant_00139,147.48,2025-12-01 01:19:59.276571,49.961468,-59.254254,1
txn_0000084136,user_00584,merchant_00007,137.88,2026-01-24 09:42:01.276571,48.151275,-92.852354,0
txn_0000070582,user_00640,merchant_00172,36.07,2025-12-25 09:54:19.276571,42.687154,-77.097057,0
txn_0000067241,user_00660,merchant_00133,121.18,2025-12-01 08:41:00.276571,32.622289,-90.375595,0
txn_0000082066,user_00138,merchant_00375,1.0,2025-12-30 12:10:13.276571,46.678937,-92.859276,0
txn_0000077583,user_00618,merchant_00210,90.98,2025-11-06 13:03:03.276571,27.609114,-81.7467,0
txn_0000077188,user_00200,merchant_00482,19.94,2026-01-14 12:50:41.276571,28.049612,-84.596967,0
txn_0000036321,user_00756,merchant_00103,22.58,2025-11-13 08:32:53.276571,32.993572,-83.44,0
txn_0000084037,user_00937,merchant_00245,27.79,2025-11-17 13:02:00.276571,44.442873,-100.870314,0
txn_0000043718,user_00670,merchant_00231,1.0,2025-12-23 13:42:36.276571,46.155584,-98.88108,0
txn_0000000159,user_00173,merchant_00264,60.47,2025-12-23 18:36:28.276571,39.829706,-81.292579,0
txn_0000035392,user_00519,merchant_00184,43.59,2026-01-15 07:16:12.276571,34.37514,-111.369898,0
txn_0000042891,user_00907,merchant_00266,52.43,2025-12-28 20:22:40.276571,28.163473,-105.549844,0
txn_0000094692,user_00661,merchant_00322,63.76,2026-01-08 12:14:22.276571,37.963483,-78.683962,0
txn_0000027842,user_00991,merchant_00014,48.91,2025-11-28 23:07:49.276571,27.819307,-118.347892,0
txn_0000024385,user_00346,merchant_00252,1.0,2025-12-06 16:57:00.276571,34.703143,-100.083919,0
txn_0000045480,user_00243,merchant_00107,3.95,2026-01-19 13:32:20.276571,45.451758,-88.969887,0
txn_0000078064,user_00918,merchant_00131,39.69,2026-01-04 19:57:41.276571,29.461817,-123.652742,0
txn_0000058016,user_00466,merchant_00048,24.25,2025-11-24 17:39:46.276571,30.195912,-89.014844,0
txn_0000041716,user_00903,merchant_00145,51.66,2025-12-02 16:15:30.276571,36.974568,-70.72889,0
txn_0000066849,user_00442,merchant_00300,53.96,2026-01-06 11:29:49.276571,30.943659,-83.581635,0
txn_0000021435,user_00565,merchant_00499,75.12,2026-01-24 10:36:58.276571,34.031596,-109.705458,0
txn_0000099108,user_00930,merchant_00373,38.98,2025-11-20 07:16:20.276571,26.037792,-100.99193,1
txn_0000030145,user_00236,merchant_00366,154.08,2025-12-23 19:13:23.276571,38.616024,-114.284279,0
txn_0000065687,user_00240,merchant_00302,70.88,2025-12-30 19:05:29.276571,29.674998,-116.852844,0
txn_0000085346,user_00017,merchant_00412,57.55,2025-11-08 17:41:02.276571,44.889443,-103.910558,0
txn_0000059604,user_00173,merchant_00263,75.85,2025-11-12 13:07:36.276571,40.320648,-82.212766,0
txn_0000004538,user_00143,merchant_00261,37.39,2025-12-10 18:00:44.276571,40.994796,-85.733169,0
txn_0000017644,user_00888,merchant_00302,83.15,2025-11-29 06:01:45.276571,41.440461,-117.92895,0
txn_0000085962,user_00902,merchant_00046,44.08,2025-11-10 16:25:13.276571,33.291482,-75.128216,0
txn_0000014690,user_00372,merchant_00183,27.28,2026-01-18 15:57:43.276571,27.856528,-116.632785,0
txn_0000062230,user_00233,merchant_00321,8.73,2026-01-25 13:35:04.276571,39.392731,-123.091257,0
txn_0000012632,user_00279,merchant_00358,1.0,2025-11-13 16:34:29.276571,47.394589,-122.505887,0
txn_0000015846,user_00554,merchant_00324,13.88,2025-12-25 11:32:46.276571,38.25812,-114.96268,0
txn_0000061735,user_00149,merchant_00012,186.57,2025-11-27 17:25:02.276571,29.820706,-122.939462,0
txn_0000050491,user_00957,merchant_00262,37.8,2026-01-08 18:31:00.276571,32.593649,-74.913705,0
txn_0000052768,user_00081,merchant_00141,4.89,2026-01-18 17:49:39.276571,41.510152,-116.482154,0
txn_0000046291,user_00066,merchant_00190,22.93,2026-01-21 03:59:38.276571,27.745579,-124.304199,0
txn_0000093032,user_00136,merchant_00023,98.93,2025-11-14 12:19:41.276571,31.964049,-99.764676,0
txn_0000092260,user_00035,merchant_00068,55.08,2025-12-07 13:44:37.276571,41.483494,-112.146417,0
txn_0000089586,user_00200,merchant_00482,24.17,2025-11-29 14:06:29.276571,28.749795,-84.731261,0
txn_0000035530,user_00206,merchant_00428,13.82,2025-12-23 12:44:56.276571,42.156409,-115.894757,0
txn_0000051837,user_00028,merchant_00166,69.12,2025-11-22 15:42:43.276571,40.708777,-79.558084,0
txn_0000051713,user_00406,merchant_00464,10.26,2026-01-13 20:39:37.276571,43.651802,-69.660007,0
txn_0000038469,user_00027,merchant_00475,226.96,2025-11-10 12:02:16.276571,46.711705,-76.97544,0
txn_0000008703,user_00883,merchant_00091,37.11,2025-10-30 12:33:41.276571,38.557948,-67.840104,0
txn_0000086812,user_00971,merchant_00243,1.0,2025-12-27 15:45:37.276571,41.927901,-96.522736,0
txn_0000064140,user_00909,merchant_00100,84.77,2025-11-04 19:53:11.276571,40.991237,-107.32292,0
txn_0000066586,user_00053,merchant_00180,36.5,2026-01-02 21:58:20.276571,41.42413,-112.291989,0
txn_0000066660,user_00163,merchant_00195,5.13,2025-12-30 18:11:03.276571,28.816793,-74.976977,0
txn_0000003991,user_00804,merchant_00116,6.0,2025-11-02 19:04:23.276571,46.844848,-65.416017,0
txn_0000036961,user_00426,merchant_00354,71.45,2026-01-02 23:56:58.276571,43.435054,-82.401486,0
txn_0000096180,user_00660,merchant_00407,110.67,2025-11-29 05:15:10.276571,37.795248,-70.593944,1
txn_0000086078,user_00636,merchant_00013,32.69,2025-11-05 14:31:43.276571,38.084967,-99.19321,0
txn_0000062011,user_00739,merchant_00325,1.0,2025-11-03 14:21:14.276571,45.400295,-76.326308,0
txn_0000019442,user_00430,merchant_00481,38.79,2025-12-19 06:41:50.276571,34.577681,-101.430752,0
txn_0000001915,user_00310,merchant_00191,32.88,2025-12-07 16:49:37.276571,27.483802,-99.539436,0
txn_0000057901,user_00420,merchant_00254,56.61,2026-01-03 10:30:32.276571,47.587414,-118.890593,0
txn_0000017609,user_00926,merchant_00266,82.28,2025-11-14 11:31:14.276571,32.46076,-108.64963,0
txn_0000045353,user_00413,merchant_00256,102.83,2026-01-02 10:28:26.276571,32.975925,-114.503166,0
txn_0000083460,user_00737,merchant_00377,83.09,2025-11-08 09:49:18.276571,39.207095,-118.310606,0
txn_0000025748,user_00459,merchant_00393,1.0,2025-12-15 18:59:26.276571,38.080496,-118.741743,0
txn_0000032558,user_00045,merchant_00172,1.0,2025-12-17 04:17:08.276571,29.376517,-102.160712,0
txn_0000045504,user_00974,merchant_00479,61.33,2025-12-22 19:29:08.276571,25.638122,-74.456913,0
txn_0000007276,user_00417,merchant_00470,62.35,2025-11-01 17:10:02.276571,28.251273,-79.10953,0
txn_0000081262,user_00177,merchant_00164,14.6,2025-12-27 16:25:07.276571,38.716434,-87.768974,0
txn_0000025306,user_00371,merchant_00408,133.97,2025-10-29 06:35:25.276571,38.664448,-99.698115,0
txn_0000000305,user_00357,merchant_00486,35.69,2025-12-02 08:17:35.276571,30.96844,-96.772979,0
txn_0000030897,user_00004,merchant_00099,40.72,2026-01-05 09:37:20.276571,40.76695,-100.302821,0
txn_0000061126,user_00171,merchant_00193,1.0,2025-11-08 14:44:13.276571,27.849252,-67.139529,0
txn_0000030435,user_00404,merchant_00194,4.79,2026-01-17 18:53:42.276571,31.849944,-116.839145,0
txn_0000032790,user_00983,merchant_00028,3.09,2026-01-13 10:34:35.276571,39.516881,-66.084349,0
txn_0000080602,user_00569,merchant_00357,1.0,2025-11-08 13:50:34.276571,28.421843,-117.230204,0
txn_0000091796,user_00873,merchant_00190,1.0,2025-12-25 15:41:38.276571,44.25518,-112.582304,0
txn_0000033030,user_00480,merchant_00048,14.52,2025-11-14 12:59:49.276571,39.881293,-71.670508,0
txn_0000084554,user_00847,merchant_00219,15.84,2025-12-21 16:54:26.276571,38.678021,-72.616512,0
txn_0000011861,user_00132,merchant_00412,1.0,2025-11-26 15:29:06.276571,27.466944,-86.247584,0
txn_0000046799,user_00038,merchant_00018,1.0,2025-11-30 09:45:21.276571,45.799808,-65.948888,0
txn_0000091508,user_00023,merchant_00377,14.13,2025-12-31 13:57:16.276571,34.480696,-80.710556,0
txn_0000096900,user_00229,merchant_00277,18.34,2025-12-30 02:53:06.276571,46.794918,-118.959851,1
txn_0000002711,user_00169,merchant_00210,61.03,2025-12-07 20:23:17.276571,42.542526,-69.191944,0
txn_0000042444,user_00772,merchant_00379,64.92,2025-12-03 12:28:09.276571,38.387894,-112.041867,0
txn_0000065731,user_00483,merchant_00012,117.21,2026-01-01 14:56:39.276571,44.051886,-102.605238,0
txn_0000064469,user_00221,merchant_00117,207.45,2025-12-14 08:18:38.276571,41.363421,-98.361437,0
txn_0000026156,user_00044,merchant_00483,33.7,2025-12-12 20:01:40.276571,25.401766,-112.034545,0
txn_0000033634,user_00169,merchant_00458,45.64,2026-01-14 23:50:25.276571,42.836055,-70.025897,0
txn_0000097747,user_00232,merchant_00109,137.39,2025-12-23 05:32:33.276571,44.613662,-123.090646,1
txn_0000092165,user_00075,merchant_00303,1.0,2025-12-22 19:57:30.276571,26.594829,-110.845691,0
txn_0000015402,user_00225,merchant_00417,47.99,2025-10-28 17:35:48.276571,26.372564,-91.977974,0
txn_0000025960,user_00630,merchant_00374,37.01,2026-01-06 12:43:18.276571,33.438436,-98.471183,0
txn_0000072693,user_00175,merchant_00310,4.19,2025-12-14 18:35:22.276571,29.264404,-78.947819,0
txn_0000079552,user_00798,merchant_00187,75.29,2026-01-10 20:41:17.276571,32.131464,-72.531527,0
txn_0000058400,user_00011,merchant_00225,12.25,2025-12-07 11:59:44.276571,38.480766,-73.436323,0
txn_0000018188,user_00622,merchant_00104,68.67,2026-01-22 16:20:59.276571,31.436335,-68.272773,0
txn_0000068442,user_00261,merchant_00465,16.61,2026-01-16 15:31:51.276571,40.106734,-107.921261,0
txn_0000069708,user_00243,merchant_00217,55.12,2025-12-23 23:31:37.276571,46.615549,-88.646246,0
txn_0000095534,user_00052,merchant_00322,33.25,2025-11-25 17:52:06.276571,43.427449,-84.448465,1
txn_0000078196,user_00043,merchant_00448,35.15,2025-12-13 17:33:35.276571,40.05591,-88.621294,0
txn_0000077264,user_00778,merchant_00335,26.22,2026-01-04 13:03:34.276571,26.214988,-92.486662,0
txn_0000012223,user_00797,merchant_00250,100.1,2025-11-09 13:15:33.276571,39.651703,-76.981287,0
txn_0000003128,user_00675,merchant_00291,80.35,2025-11-30 18:15:30.276571,44.030092,-67.490883,0
txn_0000095381,user_00487,merchant_00004,1.0,2025-11-06 21:41:05.276571,38.144583,-113.829012,1
txn_0000026500,user_00691,merchant_00478,6.71,2025-11-14 13:37:40.276571,28.668983,-124.00581,0
txn_0000095282,user_00863,merchant_00073,40.01,2026-01-20 02:54:06.276571,42.575269,-118.859768,1
txn_0000007524,user_00585,merchant_00252,1.0,2026-01-18 17:03:23.276571,30.50207,-90.048756,0
txn_0000062171,user_00057,merchant_00179,14.5,2025-11-09 07:30:37.276571,41.036943,-118.478384,0
txn_0000030739,user_00484,merchant_00058,32.07,2026-01-22 12:58:49.276571,27.842719,-100.616951,0
txn_0000061374,user_00479,merchant_00355,34.02,2025-11-28 12:05:59.276571,45.240732,-113.174438,0
txn_0000039577,user_00827,merchant_00250,68.7,2025-10-29 23:23:35.276571,34.550463,-64.505597,0
txn_0000072758,user_00702,merchant_00257,51.65,2025-11-16 10:03:39.276571,36.74392,-91.333316,0
txn_0000002346,user_00323,merchant_00017,31.6,2026-01-07 09:48:11.276571,31.389402,-85.464397,0
txn_0000020915,user_00591,merchant_00113,41.25,2025-12-04 10:10:12.276571,36.397527,-92.02762,0
txn_0000008257,user_00188,merchant_00074,1.0,2025-12-13 18:42:31.276571,31.031479,-80.271125,0
txn_0000055159,user_00228,merchant_00087,3.66,2025-12-26 23:42:46.276571,46.422975,-111.888097,0
txn_0000060153,user_00029,merchant_00353,1.0,2026-01-25 13:59:50.276571,35.80279,-83.246064,0
txn_0000049860,user_00399,merchant_00458,293.13,2026-01-12 14:43:41.276571,41.129121,-98.579213,0
txn_0000005992,user_00366,merchant_00164,7.61,2025-11-29 23:15:07.276571,34.293858,-109.479309,0
txn_0000001943,user_00860,merchant_00281,28.55,2026-01-05 20:34:44.276571,25.87657,-116.786573,0
txn_0000057109,user_00827,merchant_00177,94.42,2025-10-29 19:19:54.276571,33.731433,-65.673765,0
txn_0000064698,user_00426,merchant_00444,94.58,2026-01-24 21:33:57.276571,42.891576,-83.598172,0
txn_0000000165,user_00583,merchant_00388,1.0,2025-11-03 10:19:14.276571,38.716204,-87.704379,0
txn_0000017074,user_00099,merchant_00091,19.63,2025-12-20 06:29:03.276571,35.152867,-82.739656,0
txn_0000028138,user_00703,merchant_00041,1.0,2025-11-05 05:13:05.276571,37.6094,-69.957622,0
txn_0000029817,user_00550,merchant_00150,235.79,2026-01-15 16:59:30.276571,44.142052,-113.712413,0
txn_0000056165,user_00507,merchant_00276,87.22,2025-11-13 17:30:49.276571,30.041024,-65.742958,0
txn_0000013028,user_00858,merchant_00448,47.29,2025-12-15 18:54:20.276571,40.160642,-72.681313,0
txn_0000004626,user_00286,merchant_00017,215.14,2025-11-07 23:45:46.276571,30.269898,-77.176597,0
txn_0000086077,user_00380,merchant_00456,53.38,2026-01-24 08:12:17.276571,28.811128,-97.183623,0
txn_0000072509,user_00919,merchant_00058,292.87,2025-12-13 13:42:57.276571,41.830679,-87.800296,0
txn_0000034125,user_00980,merchant_00342,90.81,2025-11-27 19:31:51.276571,30.710734,-104.498639,0
txn_0000020460,user_00070,merchant_00283,5.43,2026-01-11 09:31:12.276571,32.41036,-123.658786,0
txn_0000046542,user_00143,merchant_00360,1.0,2025-11-30 15:23:42.276571,39.309818,-85.52039,0
txn_0000008698,user_00677,merchant_00276,134.46,2025-12-29 10:09:40.276571,44.197027,-71.644737,0
txn_0000076212,user_00243,merchant_00498,1.0,2026-01-21 22:38:43.276571,46.201433,-90.214061,0
txn_0000013091,user_00483,merchant_00028,94.02,2026-01-13 14:40:34.276571,43.001905,-102.789839,0
txn_0000020007,user_00040,merchant_00343,237.96,2025-12-24 07:18:50.276571,33.489347,-101.317554,0
txn_0000018491,user_00513,merchant_00402,23.25,2025-12-27 10:38:11.276571,42.767424,-66.724374,0
txn_0000077140,user_00485,merchant_00400,69.33,2025-12-04 08:17:52.276571,35.564794,-120.266352,0
txn_0000004411,user_00833,merchant_00377,1.0,2025-11-12 15:59:43.276571,29.643465,-107.007157,0
txn_0000032196,user_00127,merchant_00408,150.25,2025-12-18 14:07:19.276571,44.832076,-102.885708,0
txn_0000067197,user_00197,merchant_00265,37.18,2025-11-23 18:59:33.276571,45.4258,-92.346844,0
txn_0000026488,user_00336,merchant_00405,1.0,2025-11-19 14:30:06.276571,42.747347,-83.938928,0
txn_0000087286,user_00942,merchant_00001,95.84,2025-11-04 23:57:43.276571,39.185951,-110.278611,0
txn_0000038086,user_00312,merchant_00372,14.02,2026-01-21 18:38:18.276571,36.850793,-107.69267,0
txn_0000063804,user_00721,merchant_00460,24.38,2025-12-25 09:59:43.276571,32.334107,-106.616614,0
txn_0000037076,user_00819,merchant_00255,32.86,2025-12-13 09:09:12.276571,38.772467,-98.921203,0
txn_0000056229,user_00665,merchant_00320,24.82,2025-12-17 19:23:04.276571,32.597922,-115.784192,0
txn_0000042031,user_00538,merchant_00417,14.38,2026-01-25 12:18:55.276571,44.806928,-89.868358,0
txn_0000050856,user_00945,merchant_00207,68.91,2025-11-10 10:47:22.276571,33.794284,-91.57093,0
txn_0000005741,user_00230,merchant_00493,255.03,2025-11-10 08:50:23.276571,31.744986,-111.345476,0
txn_0000030462,user_00040,merchant_00305,243.62,2025-11-29 04:34:00.276571,33.118982,-101.893913,0
txn_0000065697,user_00211,merchant_00377,32.6,2026-01-21 10:20:25.276571,28.400272,-86.019414,0
txn_0000063194,user_00093,merchant_00304,31.12,2025-10-30 17:44:31.276571,44.250492,-69.048191,0
txn_0000008884,user_00552,merchant_00180,1.0,2026-01-03 21:13:55.276571,31.222895,-111.046792,0
txn_0000035387,user_00088,merchant_00252,82.22,2026-01-14 11:20:38.276571,37.463695,-81.02795,0
txn_0000074033,user_00122,merchant_00170,3.98,2026-01-26 20:53:30.276571,43.508525,-74.847315,0
txn_0000046313,user_00696,merchant_00477,6.91,2025-12-18 22:54:31.276571,30.566985,-70.349004,0
txn_0000083861,user_00131,merchant_00481,243.27,2026-01-14 19:46:34.276571,25.580421,-123.576696,0
txn_0000047862,user_00559,merchant_00475,5.84,2025-11-09 09:17:32.276571,42.707454,-104.714639,0
txn_0000036515,user_00777,merchant_00251,150.61,2025-11-11 10:01:17.276571,31.916733,-106.995624,0
txn_0000063232,user_00188,merchant_00213,1.0,2025-11-22 18:14:13.276571,31.608443,-79.854204,0
txn_0000045586,user_00027,merchant_00078,183.6,2026-01-25 05:58:27.276571,46.478603,-75.993453,0
txn_0000092006,user_00986,merchant_00129,9.16,2025-12-09 15:13:43.276571,45.286669,-86.033368,0
txn_0000090905,user_00485,merchant_00320,30.48,2025-12-12 13:37:50.276571,35.909783,-120.126536,0
txn_0000007427,user_00297,merchant_00072,64.55,2025-10-30 05:43:41.276571,48.12912,-76.465263,0
txn_0000073729,user_00578,merchant_00464,1.0,2025-10-30 23:10:18.276571,46.177176,-111.582446,0
txn_0000061688,user_00699,merchant_00329,46.24,2026-01-11 07:30:25.276571,40.04333,-106.637494,0
txn_0000053045,user_00395,merchant_00289,45.51,2025-12-08 17:03:22.276571,26.879284,-92.98764,0
txn_0000025989,user_00451,merchant_00256,29.27,2025-11-04 23:23:49.276571,31.547767,-120.490233,0
txn_0000093947,user_00095,merchant_00199,39.07,2026-01-14 16:35:16.276571,31.225002,-75.94819,0
txn_0000059655,user_00522,merchant_00105,1.0,2025-11-30 11:50:37.276571,39.169864,-71.755236,0
txn_0000070604,user_00489,merchant_00158,18.07,2025-11-14 10:09:38.276571,44.90753,-100.513299,0
txn_0000035528,user_00801,merchant_00494,47.91,2025-12-31 16:31:00.276571,26.097869,-100.3197,0
txn_0000047509,user_00457,merchant_00307,113.19,2026-01-07 20:34:17.276571,32.811273,-114.613886,0
txn_0000038181,user_00157,merchant_00384,54.19,2026-01-21 18:55:26.276571,37.011933,-114.602774,0
txn_0000021115,user_00486,merchant_00351,1.0,2025-12-15 10:26:19.276571,27.46756,-78.96644,0
txn_0000095660,user_00301,merchant_00093,247.24,2026-01-16 22:55:25.276571,28.314049,-67.713969,1
txn_0000042080,user_00055,merchant_00438,1.0,2025-12-21 14:00:43.276571,26.525454,-122.106156,0
txn_0000074517,user_00621,merchant_00014,1.0,2025-11-15 15:42:13.276571,38.770915,-111.101766,0
txn_0000039317,user_00616,merchant_00432,363.16,2025-12-12 20:20:51.276571,47.974311,-86.660657,0
txn_0000096397,user_00349,merchant_00436,90.48,2025-10-30 05:20:12.276571,31.475391,-68.756178,1
txn_0000071019,user_00771,merchant_00285,15.62,2025-12-01 18:41:46.276571,33.35771,-75.077527,0
txn_0000013742,user_00514,merchant_00326,56.49,2025-11-16 01:53:32.276571,46.425802,-91.197038,0
txn_0000020441,user_00355,merchant_00188,72.61,2026-01-16 14:02:35.276571,46.912748,-101.323446,0
txn_0000078250,user_00128,merchant_00336,67.21,2026-01-20 16:06:14.276571,42.138008,-111.9522,0
txn_0000076203,user_00780,merchant_00173,96.07,2025-12-30 16:45:46.276571,33.74568,-114.776045,0
txn_0000069316,user_00318,merchant_00428,50.68,2025-11-21 20:35:24.276571,28.479084,-72.970064,0
txn_0000061684,user_00157,merchant_00052,79.06,2025-12-03 18:43:13.276571,37.339836,-113.935548,0
txn_0000079930,user_00234,merchant_00177,84.32,2026-01-04 18:08:30.276571,42.243546,-118.60421,0
txn_0000091759,user_00175,merchant_00217,27.7,2025-12-16 16:25:46.276571,28.399875,-77.909202,0
txn_0000006081,user_00196,merchant_00407,63.82,2025-12-12 18:05:49.276571,32.493959,-83.528754,0
txn_0000049683,user_00200,merchant_00099,1.0,2026-01-05 11:41:46.276571,28.730934,-85.26367,0
txn_0000054538,user_00726,merchant_00209,15.66,2025-11-20 18:42:53.276571,44.350894,-87.512903,0
txn_0000016833,user_00996,merchant_00149,1.0,2025-11-22 22:07:03.276571,42.704285,-118.023102,0
txn_0000074806,user_00843,merchant_00406,80.66,2025-11-14 07:28:35.276571,28.55588,-83.214828,0
txn_0000072799,user_00043,merchant_00454,41.49,2025-11-18 12:36:48.276571,40.124257,-88.729952,0
txn_0000011461,user_00820,merchant_00468,77.5,2025-12-13 12:01:46.276571,35.583533,-87.429875,0
txn_0000040126,user_00454,merchant_00207,1.0,2025-12-21 10:53:33.276571,39.808001,-89.85932,0
txn_0000052547,user_00524,merchant_00358,225.68,2025-12-07 07:19:49.276571,28.385025,-113.085567,0
txn_0000096906,user_00895,merchant_00475,33.96,2025-10-30 20:50:31.276571,37.187379,-110.614255,1
txn_0000015670,user_00218,merchant_00401,76.45,2026-01-07 08:17:44.276571,26.582087,-89.089176,0
txn_0000098590,user_00445,merchant_00128,102.77,2026-01-23 13:20:32.276571,26.961354,-70.30706,1
txn_0000042012,user_00411,merchant_00233,496.92,2026-01-06 20:07:33.276571,28.621652,-106.911396,0
txn_0000000290,user_00518,merchant_00399,5.76,2025-11-26 09:53:37.276571,31.843201,-123.174914,0
txn_0000077568,user_00508,merchant_00484,1.0,2025-11-26 16:43:41.276571,32.730402,-73.573277,0
txn_0000074483,user_00540,merchant_00256,154.06,2025-11-12 07:15:15.276571,30.793092,-65.881425,0
txn_0000003403,user_00125,merchant_00347,7.97,2026-01-13 23:46:54.276571,29.417968,-105.822227,0
txn_0000076526,user_00997,merchant_00109,12.05,2025-11-11 19:38:05.276571,44.601992,-86.867351,0
txn_0000009174,user_00867,merchant_00407,129.65,2026-01-06 16:02:32.276571,36.999509,-84.168554,0
txn_0000002716,user_00981,merchant_00005,83.95,2025-12-20 11:05:14.276571,42.54828,-110.020107,0
txn_0000064622,user_00997,merchant_00427,1.0,2025-11-14 22:27:07.276571,42.932374,-87.116123,0
txn_0000052236,user_00925,merchant_00498,3.31,2025-11-18 11:18:28.276571,44.549836,-113.58122,0
txn_0000002409,user_00467,merchant_00099,13.07,2025-11-03 23:41:46.276571,38.310158,-109.828219,0
txn_0000037506,user_00045,merchant_00197,18.63,2026-01-09 13:54:23.276571,29.239995,-103.450547,0
txn_0000003461,user_00311,merchant_00468,53.28,2025-12-15 19:03:57.276571,42.443242,-104.790519,0
txn_0000006057,user_00029,merchant_00234,1.0,2025-10-30 08:00:54.276571,35.78828,-83.483502,0
txn_0000058959,user_00227,merchant_00065,16.29,2025-12-01 21:44:04.276571,42.770356,-78.147258,0
txn_0000037882,user_00195,merchant_00138,12.91,2025-12-26 11:59:09.276571,45.850901,-78.619679,0
txn_0000010702,user_00422,merchant_00106,35.14,2026-01-08 21:42:53.276571,37.113606,-111.084928,0
txn_0000000979,user_00562,merchant_00263,135.16,2025-11-19 12:17:52.276571,43.64391,-74.262421,0
txn_0000002413,user_00635,merchant_00451,1.0,2025-11-25 11:44:18.276571,28.241233,-73.819139,0
txn_0000055440,user_00070,merchant_00234,1.0,2025-12-21 10:49:31.276571,33.227008,-124.450098,0
txn_0000032051,user_00147,merchant_00393,23.32,2025-11-16 09:56:16.276571,39.736428,-79.436912,0
txn_0000070629,user_00325,merchant_00350,37.9,2026-01-23 04:49:04.276571,46.392696,-115.152714,0
txn_0000066055,user_00324,merchant_00143,29.13,2025-10-29 17:00:11.276571,27.271735,-93.875815,0
txn_0000026682,user_00412,merchant_00018,25.46,2025-12-05 10:54:01.276571,43.313107,-92.40713,0
txn_0000003862,user_00093,merchant_00114,1.0,2025-11-10 15:21:54.276571,43.936604,-68.91577,0
txn_0000021655,user_00762,merchant_00228,30.98,2025-12-08 14:36:52.276571,40.76746,-97.310819,0
txn_0000089399,user_00179,merchant_00112,91.23,2025-11-27 14:16:11.276571,44.489843,-113.185717,0
txn_0000029436,user_00893,merchant_00465,65.85,2026-01-08 12:06:38.276571,27.137245,-82.574335,0
txn_0000039796,user_00146,merchant_00070,48.15,2025-10-31 18:44:17.276571,25.828537,-82.944247,0
txn_0000079892,user_00595,merchant_00155,1.0,2025-10-31 14:07:25.276571,39.378723,-86.281658,0
txn_0000067058,user_00754,merchant_00358,81.71,2025-12-01 05:23:31.276571,33.771576,-77.469572,0
txn_0000093285,user_00671,merchant_00447,49.15,2025-11-20 13:59:49.276571,40.673631,-115.559102,0
txn_0000025752,user_00357,merchant_00318,50.99,2025-11-19 03:28:56.276571,31.28769,-96.892441,0
txn_0000070735,user_00918,merchant_00131,73.27,2026-01-10 17:51:30.276571,29.100313,-123.962769,0
txn_0000000574,user_00300,merchant_00137,38.66,2025-12-18 19:26:06.276571,28.930074,-98.159424,0
txn_0000032586,user_00380,merchant_00065,1.0,2025-10-30 05:18:23.276571,28.905515,-97.704456,0
txn_0000022322,user_00891,merchant_00394,75.52,2026-01-22 17:49:29.276571,34.209346,-77.029221,0
txn_0000016418,user_00369,merchant_00087,1.0,2025-11-27 10:31:40.276571,48.02003,-79.940444,0
txn_0000078144,user_00588,merchant_00485,1.0,2026-01-14 16:05:30.276571,27.727836,-87.722374,0
txn_0000050684,user_00425,merchant_00197,1.0,2026-01-08 23:00:59.276571,37.766867,-77.201191,0
txn_0000003721,user_00094,merchant_00169,105.99,2025-12-25 15:33:48.276571,29.583509,-68.129527,0
txn_0000000238,user_00855,merchant_00146,1.0,2025-12-01 11:18:34.276571,26.530868,-101.106658,0
txn_0000009011,user_00753,merchant_00195,37.51,2025-10-30 06:03:03.276571,33.17771,-92.876628,0
txn_0000056998,user_00293,merchant_00277,120.36,2025-11-02 09:12:45.276571,46.037845,-92.00072,0
txn_0000016022,user_00720,merchant_00041,93.56,2026-01-23 19:47:03.276571,35.016751,-76.642324,0
txn_0000082952,user_00378,merchant_00330,66.37,2026-01-15 16:28:50.276571,45.565527,-104.069162,0
txn_0000040981,user_00813,merchant_00284,42.12,2026-01-15 18:37:00.276571,35.697636,-96.868138,0
txn_0000054316,user_00400,merchant_00343,20.73,2026-01-12 20:41:59.276571,38.45364,-105.36835,0
txn_0000089855,user_00567,merchant_00416,88.02,2025-12-20 13:43:28.276571,33.107477,-70.974214,0
txn_0000023022,user_00704,merchant_00411,75.16,2025-11-14 16:51:02.276571,37.282397,-98.875209,0
txn_0000070905,user_00051,merchant_00147,2.85,2025-10-31 20:59:28.276571,40.099667,-124.364588,0
txn_0000005074,user_00892,merchant_00121,1.0,2026-01-01 23:54:09.276571,34.887708,-99.468176,0
txn_0000001641,user_00764,merchant_00276,13.37,2025-12-01 18:04:20.276571,28.470595,-75.750339,0
txn_0000008617,user_00883,merchant_00091,28.03,2025-11-08 11:09:40.276571,37.369357,-67.191042,0
txn_0000076998,user_00568,merchant_00278,57.71,2026-01-19 23:14:37.276571,43.276151,-89.596553,0
txn_0000075885,user_00901,merchant_00403,34.62,2025-11-27 17:11:22.276571,32.415104,-89.180424,0
txn_0000079840,user_00131,merchant_00496,247.36,2026-01-20 21:59:32.276571,25.389412,-124.300276,0
txn_0000048260,user_00990,merchant_00498,17.16,2025-12-21 23:30:06.276571,30.806473,-115.006624,0
txn_0000042544,user_00949,merchant_00264,151.7,2025-12-23 15:28:05.276571,42.033872,-112.178168,0
txn_0000034219,user_00706,merchant_00403,67.93,2025-12-12 17:55:00.276571,33.865659,-95.951075,0
txn_0000036998,user_00833,merchant_00214,1.0,2025-11-07 21:17:18.276571,30.546934,-107.63205,0
txn_0000023974,user_00769,merchant_00285,1.0,2025-10-30 10:17:35.276571,35.000744,-123.88742,0
txn_0000063282,user_00871,merchant_00038,26.52,2026-01-09 16:30:53.276571,30.386167,-114.804351,0
txn_0000097290,user_00529,merchant_00205,23.68,2025-11-01 22:06:23.276571,34.148931,-122.079791,1
txn_0000015223,user_00346,merchant_00303,21.89,2025-11-21 18:08:04.276571,34.239772,-98.887773,0
txn_0000099452,user_00096,merchant_00180,1348.74,2026-01-15 02:53:06.276571,29.790813,-88.759952,1
txn_0000018602,user_00236,merchant_00450,162.38,2026-01-11 16:21:28.276571,38.736857,-113.67121,0
txn_0000062684,user_00499,merchant_00046,111.38,2026-01-09 08:02:31.276571,40.486129,-98.065574,0
txn_0000089976,user_00072,merchant_00484,8.4,2025-12-11 11:11:06.276571,27.858112,-106.113349,0
txn_0000099683,user_00397,merchant_00161,181.26,2025-11-12 14:59:29.276571,28.309406,-81.127726,1
txn_0000006182,user_00776,merchant_00483,67.04,2025-11-13 16:29:00.276571,47.562654,-115.801573,0
txn_0000036971,user_00410,merchant_00363,28.98,2026-01-14 08:36:57.276571,31.477526,-95.161416,0
txn_0000050981,user_00426,merchant_00494,7.1,2025-12-23 17:31:16.276571,43.439523,-83.486324,0
txn_0000001126,user_00246,merchant_00071,54.72,2025-12-12 10:23:56.276571,47.758603,-91.667298,0
txn_0000038555,user_00888,merchant_00084,1.0,2025-12-31 09:22:50.276571,43.074921,-117.564269,0
txn_0000081568,user_00219,merchant_00339,1.0,2026-01-23 14:33:25.276571,40.30873,-117.3034,0
txn_0000032779,user_00524,merchant_00263,211.61,2025-12-15 09:23:21.276571,28.592318,-112.661461,0
txn_0000024705,user_00255,merchant_00272,1.0,2026-01-24 16:14:24.276571,46.036937,-117.810071,0
txn_0000043661,user_00297,merchant_00128,65.21,2025-11-06 08:01:10.276571,47.674162,-77.154954,0
txn_0000075911,user_00489,merchant_00290,11.65,2025-11-03 14:49:33.276571,43.493886,-101.301455,0
txn_0000061408,user_00747,merchant_00368,11.7,2026-01-10 15:44:05.276571,41.483155,-115.254244,0
txn_0000072643,user_00943,merchant_00136,105.49,2025-12-04 07:10:58.276571,46.884625,-111.574497,0
txn_0000017936,user_00840,merchant_00402,61.24,2025-12-30 13:43:06.276571,33.191749,-75.599996,0
txn_0000071760,user_00001,merchant_00448,117.14,2025-12-20 09:49:50.276571,44.918483,-108.415244,0
txn_0000026193,user_00101,merchant_00180,32.57,2025-12-15 17:50:45.276571,47.639197,-104.546765,0
txn_0000071313,user_00393,merchant_00377,52.77,2026-01-17 10:32:57.276571,35.403137,-111.329172,0
txn_0000068377,user_00412,merchant_00438,1.0,2025-11-22 08:13:58.276571,43.202757,-91.791539,0
txn_0000090444,user_00364,merchant_00474,17.65,2025-12-24 14:31:21.276571,27.198823,-66.842445,0
txn_0000059506,user_00021,merchant_00048,1.0,2025-12-10 23:54:31.276571,44.084188,-124.544478,0
txn_0000036319,user_00608,merchant_00384,159.89,2025-12-04 19:09:39.276571,33.719047,-80.559856,0
txn_0000095340,user_00829,merchant_00387,1.0,2025-11-10 13:51:09.276571,27.890382,-124.019528,1
txn_0000032380,user_00236,merchant_00366,115.97,2026-01-22 13:21:59.276571,39.229869,-113.313721,0
txn_0000064953,user_00318,merchant_00346,101.99,2025-11-14 18:36:30.276571,27.519648,-73.668436,0
txn_0000052602,user_00119,merchant_00340,1.0,2025-10-29 19:28:49.276571,33.307838,-120.299905,0
txn_0000011032,user_00877,merchant_00443,64.43,2025-11-01 18:42:39.276571,36.587247,-104.634834,0
txn_0000056340,user_00287,merchant_00181,8.59,2025-11-28 16:40:15.276571,34.714323,-110.006718,0
txn_0000073958,user_00685,merchant_00433,7.48,2026-01-23 18:20:44.276571,37.591613,-79.66778,0
txn_0000077149,user_00492,merchant_00277,72.52,2025-10-30 16:28:42.276571,36.001402,-73.278384,0
txn_0000053085,user_00306,merchant_00332,52.08,2025-10-30 08:35:48.276571,42.980555,-81.507088,0
txn_0000057228,user_00566,merchant_00493,1.0,2025-11-29 14:18:23.276571,45.757515,-77.543627,0
txn_0000052922,user_00824,merchant_00022,96.6,2025-11-28 13:44:05.276571,47.710916,-97.3081,0
txn_0000095799,user_00925,merchant_00201,1.0,2025-12-17 22:22:18.276571,43.682113,-113.319029,1
txn_0000096958,user_00029,merchant_00051,15.68,2025-11-18 14:43:26.276571,34.878095,-83.20665,1
txn_0000055231,user_00757,merchant_00088,86.29,2026-01-03 10:15:13.276571,36.694409,-93.731512,0
txn_0000055952,user_00871,merchant_00038,14.68,2025-11-20 17:11:42.276571,30.642256,-115.076941,0
txn_0000018577,user_00742,merchant_00209,40.36,2025-12-25 19:09:19.276571,44.880219,-74.92298,0
txn_0000039496,user_00837,merchant_00432,1.0,2025-11-11 10:25:44.276571,46.648666,-77.838184,0
txn_0000011833,user_00025,merchant_00009,41.71,2025-12-22 13:04:12.276571,38.974566,-112.522737,0
txn_0000024199,user_00584,merchant_00092,168.56,2025-12-13 07:03:19.276571,47.047146,-92.831682,0
txn_0000020841,user_00442,merchant_00306,58.34,2025-11-26 12:14:00.276571,31.713524,-84.40306,0
txn_0000044745,user_00062,merchant_00200,163.64,2025-10-29 13:08:07.276571,39.057736,-73.792246,0
txn_0000094235,user_00297,merchant_00187,41.62,2025-12-01 07:36:41.276571,47.929349,-76.652819,0
txn_0000047772,user_00718,merchant_00496,127.27,2025-11-17 08:33:43.276571,46.186287,-69.454136,0
txn_0000068697,user_00096,merchant_00205,118.95,2025-12-03 12:49:39.276571,29.748665,-88.901546,0
txn_0000001380,user_00722,merchant_00262,1.0,2025-11-09 10:12:10.276571,39.632391,-65.668017,0
txn_0000029191,user_00439,merchant_00278,11.02,2025-12-04 16:33:51.276571,41.334083,-124.007362,0
txn_0000050955,user_00686,merchant_00098,83.02,2025-12-29 15:14:41.276571,24.587025,-103.959004,0
txn_0000025482,user_00415,merchant_00198,56.06,2025-12-06 15:52:42.276571,44.718329,-86.202572,0
txn_0000078722,user_00529,merchant_00117,50.46,2025-11-02 15:34:47.276571,34.205733,-122.705321,0
txn_0000074532,user_00101,merchant_00191,82.63,2026-01-11 16:26:18.276571,47.43629,-104.602927,0
txn_0000083502,user_00667,merchant_00028,73.56,2025-12-04 07:06:52.276571,28.746798,-69.158273,0
txn_0000096631,user_00269,merchant_00171,133.17,2025-12-26 01:15:53.276571,44.386341,-105.2158,1
txn_0000085343,user_00404,merchant_00466,14.28,2026-01-16 16:19:32.276571,31.811904,-116.267668,0
txn_0000041004,user_00621,merchant_00435,88.93,2025-10-29 16:34:01.276571,37.642693,-110.632149,0
txn_0000057288,user_00189,merchant_00236,32.31,2025-12-05 06:14:01.276571,38.527715,-116.190118,0
txn_0000077187,user_00803,merchant_00274,4.42,2026-01-08 11:49:49.276571,33.017678,-90.510024,0
txn_0000053370,user_00502,merchant_00349,65.29,2025-11-29 13:25:44.276571,42.001497,-101.323244,0
txn_0000078106,user_00491,merchant_00193,53.84,2025-12-28 08:30:18.276571,43.543347,-87.428594,0
txn_0000028551,user_00099,merchant_00306,1.0,2025-12-27 09:06:38.276571,35.445601,-82.294175,0
txn_0000024316,user_00809,merchant_00069,117.73,2025-11-14 15:02:14.276571,40.944154,-75.76338,0
txn_0000018079,user_00828,merchant_00226,96.93,2025-11-27 22:15:36.276571,41.580525,-84.072764,0
txn_0000023421,user_00247,merchant_00358,18.22,2025-11-10 08:24:03.276571,30.149468,-100.461953,0
txn_0000064995,user_00452,merchant_00426,39.14,2026-01-22 17:30:32.276571,32.401374,-117.917413,0
txn_0000036190,user_00494,merchant_00373,94.87,2025-11-13 18:54:46.276571,31.931269,-116.635323,0
txn_0000023705,user_00900,merchant_00355,95.1,2025-11-18 19:20:22.276571,46.984208,-107.427185,0
txn_0000083573,user_00588,merchant_00214,1.0,2025-12-23 08:49:05.276571,28.334287,-87.877217,0
txn_0000002389,user_00741,merchant_00358,1.0,2025-12-30 20:46:33.276571,27.583205,-102.070148,0
txn_0000014241,user_00834,merchant_00329,1.0,2026-01-24 09:03:45.276571,47.443286,-80.193496,0
txn_0000062740,user_00073,merchant_00355,32.41,2025-11-30 06:31:20.276571,45.235941,-75.27104,0
txn_0000010052,user_00019,merchant_00181,43.99,2025-11-28 05:23:19.276571,47.69695,-122.925749,0
txn_0000037442,user_00244,merchant_00249,33.68,2025-11-10 18:49:37.276571,36.378461,-88.46062,0
txn_0000043141,user_00465,merchant_00048,72.97,2025-11-17 21:48:38.276571,32.101444,-87.169552,0
txn_0000079144,user_00116,merchant_00116,1.08,2025-11-11 13:11:37.276571,32.638172,-68.658164,0
txn_0000087979,user_00392,merchant_00157,1.0,2025-11-08 18:09:21.276571,37.16758,-119.364205,0
txn_0000075536,user_00472,merchant_00105,3.53,2025-11-23 17:22:56.276571,43.376401,-99.443371,0
txn_0000000530,user_00838,merchant_00174,43.13,2025-11-21 09:45:57.276571,28.716306,-92.984421,0
txn_0000094562,user_00769,merchant_00285,14.97,2025-10-29 08:06:36.276571,35.693687,-123.475124,0
txn_0000098694,user_00432,merchant_00141,114.43,2026-01-05 14:16:44.276571,44.392401,-92.53924,1
txn_0000089145,user_00723,merchant_00070,1.0,2025-11-03 13:10:53.276571,31.630848,-75.840911,0
txn_0000007076,user_00413,merchant_00256,63.17,2025-12-23 11:27:58.276571,31.680732,-113.862853,0
txn_0000083745,user_00172,merchant_00261,99.54,2026-01-07 08:11:37.276571,44.498755,-112.853991,0
txn_0000031385,user_00252,merchant_00342,1.0,2025-11-10 17:10:51.276571,48.126869,-87.593665,0
txn_0000082259,user_00333,merchant_00394,24.33,2025-12-10 13:45:07.276571,28.542945,-94.38405,0
txn_0000032192,user_00712,merchant_00483,1.0,2025-11-24 14:51:36.276571,36.324123,-67.040789,0
txn_0000096351,user_00619,merchant_00002,1.0,2025-11-07 03:22:17.276571,29.611831,-100.151034,1
txn_0000037196,user_00920,merchant_00049,12.71,2025-12-16 04:44:46.276571,37.354451,-86.355334,0
txn_0000006244,user_00169,merchant_00458,15.88,2026-01-04 18:20:44.276571,43.476939,-70.450751,0
txn_0000013541,user_00239,merchant_00051,1.0,2025-11-16 14:04:44.276571,27.450704,-87.566825,0
txn_0000006611,user_00159,merchant_00395,9.09,2025-11-28 18:34:29.276571,38.30259,-124.510091,0
txn_0000030164,user_00430,merchant_00332,59.16,2025-12-21 15:55:46.276571,34.538713,-101.770192,0
txn_0000033834,user_00804,merchant_00341,1.0,2025-12-02 18:05:47.276571,47.495917,-65.526761,0
txn_0000069309,user_00154,merchant_00072,88.37,2025-11-25 22:32:17.276571,40.500569,-87.581896,0
txn_0000041057,user_00946,merchant_00245,2.99,2025-12-09 21:45:16.276571,38.082651,-84.496249,0
txn_0000044566,user_00559,merchant_00034,16.35,2025-11-26 09:43:25.276571,42.469106,-105.35858,0
txn_0000044207,user_00225,merchant_00341,30.97,2025-10-30 10:31:32.276571,25.694787,-90.518512,0
txn_0000046664,user_00611,merchant_00128,1.0,2026-01-07 10:05:59.276571,38.794341,-84.277625,0
txn_0000055808,user_00302,merchant_00166,66.06,2025-12-15 19:16:18.276571,38.30545,-118.217668,0
txn_0000095305,user_00831,merchant_00485,98.65,2025-11-23 01:00:43.276571,35.411883,-74.265847,1
txn_0000029863,user_00174,merchant_00424,84.64,2026-01-24 04:26:19.276571,34.66809,-104.841487,0
txn_0000039790,user_00709,merchant_00474,69.14,2026-01-24 18:42:47.276571,41.356479,-86.936354,0
txn_0000094117,user_00014,merchant_00214,1.0,2025-11-12 08:03:10.276571,27.570719,-118.068143,0
txn_0000018794,user_00097,merchant_00370,88.66,2025-12-15 15:26:25.276571,44.914613,-92.221354,0
txn_0000036339,user_00516,merchant_00097,14.78,2025-12-13 08:15:00.276571,29.968315,-67.919898,0
txn_0000046239,user_00632,merchant_00145,48.96,2025-11-22 18:08:27.276571,44.824882,-82.187933,0
txn_0000049236,user_00952,merchant_00385,65.84,2025-11-08 16:42:26.276571,35.563977,-66.797338,0
txn_0000051238,user_00083,merchant_00348,56.58,2025-12-04 20:57:41.276571,37.603105,-69.931012,0
txn_0000062213,user_00975,merchant_00408,15.65,2025-12-04 18:18:14.276571,36.153845,-72.986779,0
txn_0000042618,user_00518,merchant_00309,103.97,2026-01-07 12:05:29.276571,32.291396,-124.234308,0
txn_0000003920,user_00572,merchant_00298,61.56,2025-12-31 17:57:51.276571,39.122102,-85.756626,0
txn_0000016365,user_00111,merchant_00153,1.0,2026-01-14 11:34:39.276571,41.718324,-70.620552,0
txn_0000080265,user_00117,merchant_00260,757.11,2025-12-31 10:13:53.276571,38.95823,-110.058307,0
txn_0000081334,user_00424,merchant_00378,58.58,2025-11-13 12:54:16.276571,26.630927,-122.001802,0
txn_0000065686,user_00704,merchant_00397,73.23,2026-01-19 09:35:05.276571,37.450026,-98.361792,0
txn_0000068008,user_00801,merchant_00090,1.0,2026-01-03 22:14:19.276571,26.984688,-101.703675,0
txn_0000057880,user_00839,merchant_00027,31.81,2025-11-10 11:06:58.276571,36.037598,-114.85959,0
txn_0000060411,user_00144,merchant_00301,48.04,2026-01-04 21:58:09.276571,25.867713,-67.307745,0
txn_0000051381,user_00128,merchant_00299,152.0,2025-11-15 17:27:36.276571,41.442818,-111.484771,0
txn_0000020118,user_00124,merchant_00354,81.74,2025-11-05 09:59:25.276571,41.933223,-85.990253,0
txn_0000021294,user_00275,merchant_00135,1.0,2026-01-20 11:08:43.276571,31.08312,-77.986903,0
txn_0000075878,user_00065,merchant_00273,5.17,2026-01-10 21:27:47.276571,41.630962,-98.354731,0
txn_0000077039,user_00726,merchant_00042,15.86,2025-12-28 20:05:33.276571,44.963422,-88.072227,0
txn_0000099178,user_00813,merchant_00263,108.98,2025-12-10 06:48:26.276571,44.199319,-88.984899,1
txn_0000023867,user_00928,merchant_00187,404.86,2026-01-03 19:05:25.276571,25.468469,-102.83001,0
txn_0000022579,user_00695,merchant_00360,1.0,2025-12-17 09:31:12.276571,35.12438,-93.539293,0
txn_0000083629,user_00212,merchant_00105,58.19,2025-12-23 13:42:31.276571,39.868628,-122.887786,0
txn_0000038217,user_00606,merchant_00058,73.55,2025-11-25 20:07:12.276571,28.558958,-112.897137,0
txn_0000017579,user_00709,merchant_00334,52.52,2025-10-30 18:03:40.276571,41.402716,-88.238128,0
txn_0000037781,user_00459,merchant_00137,1.0,2026-01-22 16:25:19.276571,38.207667,-118.436753,0
txn_0000074400,user_00011,merchant_00438,1.0,2025-11-08 16:44:13.276571,39.16422,-73.972488,0
txn_0000037140,user_00117,merchant_00469,734.17,2025-12-17 16:30:19.276571,38.816266,-109.781649,0
txn_0000022799,user_00700,merchant_00432,26.21,2025-11-10 21:53:43.276571,44.725515,-68.304398,0
txn_0000010195,user_00377,merchant_00379,148.76,2025-12-14 22:40:57.276571,26.282706,-82.99162,0
txn_0000092243,user_00147,merchant_00349,44.97,2025-11-06 09:25:02.276571,40.142013,-79.454092,0
txn_0000025027,user_00512,merchant_00157,9.46,2025-12-06 12:02:35.276571,37.998532,-92.703943,0
txn_0000031706,user_00112,merchant_00257,28.02,2025-11-04 13:49:00.276571,42.787558,-80.980347,0
txn_0000052031,user_00767,merchant_00122,106.1,2025-10-30 18:56:25.276571,31.400698,-102.737986,0
txn_0000039841,user_00557,merchant_00499,56.55,2025-12-28 17:51:37.276571,46.889777,-113.76789,0
txn_0000045713,user_00083,merchant_00394,100.59,2025-11-06 15:48:18.276571,36.342427,-70.102577,0
txn_0000098133,user_00852,merchant_00050,42.35,2025-11-30 05:47:40.276571,42.932924,-81.647801,1
txn_0000043964,user_00478,merchant_00357,40.5,2025-11-25 12:26:38.276571,27.244643,-70.049011,0
txn_0000070486,user_00294,merchant_00367,1.0,2025-11-07 13:58:18.276571,27.560749,-79.884684,0
txn_0000036051,user_00394,merchant_00267,11.5,2026-01-14 09:42:04.276571,35.45647,-118.508181,0
txn_0000034746,user_00249,merchant_00156,1.0,2025-11-03 13:37:34.276571,26.507194,-67.698276,0
txn_0000097432,user_00541,merchant_00258,47.68,2025-11-26 02:46:59.276571,32.4875,-70.254161,1
txn_0000006904,user_00074,merchant_00124,1.0,2026-01-06 16:27:14.276571,32.516658,-85.801789,0
txn_0000049694,user_00625,merchant_00426,9.06,2025-10-29 23:09:44.276571,39.015497,-98.228604,0
txn_0000020960,user_00806,merchant_00409,1.0,2026-01-03 23:23:53.276571,35.445312,-96.872463,0
txn_0000027127,user_00755,merchant_00340,128.9,2025-12-01 10:06:41.276571,45.054571,-98.033616,0
txn_0000023989,user_00832,merchant_00193,7.31,2025-11-12 14:52:16.276571,33.187527,-89.244354,0
txn_0000028861,user_00281,merchant_00347,67.83,2025-11-20 20:27:15.276571,30.312451,-120.808869,0
txn_0000088441,user_00994,merchant_00425,27.13,2025-11-28 08:19:49.276571,41.870031,-68.562199,0
txn_0000059309,user_00446,merchant_00408,72.11,2025-10-29 14:00:10.276571,32.745554,-91.149623,0
txn_0000028982,user_00442,merchant_00008,35.68,2025-12-07 05:17:11.276571,31.806306,-83.939123,0
txn_0000043399,user_00415,merchant_00017,57.38,2025-12-26 13:41:17.276571,44.878061,-86.551141,0
txn_0000084627,user_00317,merchant_00274,101.33,2025-12-01 19:45:14.276571,39.874649,-103.126017,0
txn_0000051927,user_00413,merchant_00309,70.36,2025-12-13 09:06:41.276571,32.766964,-113.34474,0
txn_0000014771,user_00033,merchant_00160,23.88,2025-12-26 13:17:34.276571,43.806572,-95.524239,0
txn_0000004498,user_00715,merchant_00416,45.23,2025-11-28 18:19:42.276571,38.616455,-69.919012,0
txn_0000026224,user_00840,merchant_00120,35.77,2025-11-01 14:12:22.276571,32.3399,-75.321881,0
txn_0000028572,user_00074,merchant_00478,1.0,2026-01-15 11:28:51.276571,32.366403,-85.480844,0
txn_0000027474,user_00978,merchant_00224,95.35,2026-01-10 15:04:56.276571,29.278077,-75.116651,0
txn_0000072854,user_00521,merchant_00383,28.3,2025-12-31 20:30:00.276571,46.688817,-119.954598,0
txn_0000013184,user_00795,merchant_00278,37.44,2025-11-01 19:02:59.276571,41.041475,-93.002867,0
txn_0000023614,user_00700,merchant_00461,1.0,2025-12-18 20:39:21.276571,44.851796,-67.449193,0
txn_0000069723,user_00516,merchant_00362,22.32,2025-12-09 12:14:48.276571,29.102569,-68.430843,0
txn_0000011624,user_00134,merchant_00067,102.81,2025-12-09 18:55:16.276571,29.284079,-88.071384,0
txn_0000041510,user_00202,merchant_00324,66.49,2026-01-18 19:25:42.276571,28.445486,-114.46826,0
txn_0000085688,user_00434,merchant_00115,23.12,2025-11-02 13:43:41.276571,26.50419,-110.576905,0
txn_0000048886,user_00595,merchant_00410,16.35,2025-11-30 11:12:34.276571,39.541291,-85.885813,0
txn_0000016385,user_00869,merchant_00130,2.6,2025-11-07 13:04:12.276571,34.270572,-103.531884,0
txn_0000026358,user_00642,merchant_00125,107.68,2025-12-18 13:59:46.276571,26.144684,-73.469358,0
txn_0000088826,user_00947,merchant_00114,115.42,2025-11-07 20:27:37.276571,33.113683,-104.629571,0
txn_0000015703,user_00321,merchant_00223,1.0,2026-01-09 06:50:08.276571,36.096604,-121.389091,0
txn_0000005481,user_00053,merchant_00490,53.8,2025-12-03 22:24:09.276571,40.888553,-111.340844,0
txn_0000094754,user_00937,merchant_00281,11.35,2025-12-30 16:35:42.276571,42.670899,-100.594668,0
txn_0000042524,user_00036,merchant_00292,36.21,2025-11-05 19:49:13.276571,38.766619,-116.992546,0
txn_0000002393,user_00904,merchant_00031,76.99,2025-12-22 18:59:57.276571,41.563831,-67.705871,0
txn_0000096822,user_00544,merchant_00049,47.76,2025-12-18 01:38:39.276571,32.131776,-109.793794,1
txn_0000092025,user_00377,merchant_00305,186.43,2026-01-22 18:38:21.276571,26.38781,-82.550605,0
txn_0000024197,user_00802,merchant_00114,187.89,2025-11-15 09:20:54.276571,32.304359,-66.379114,0
txn_0000097098,user_00375,merchant_00108,40.65,2026-01-22 02:30:09.276571,45.94264,-73.943711,1
txn_0000061385,user_00268,merchant_00011,31.63,2025-12-04 20:05:18.276571,42.434582,-96.624795,0
txn_0000069049,user_00754,merchant_00050,60.1,2025-11-01 10:45:34.276571,33.657031,-77.574997,0
txn_0000077738,user_00561,merchant_00257,1.93,2026-01-18 07:14:01.276571,46.465118,-72.042097,0
txn_0000082656,user_00009,merchant_00378,40.93,2025-12-20 13:30:14.276571,35.058488,-101.95705,0
txn_0000029192,user_00963,merchant_00165,23.78,2025-11-18 10:05:47.276571,40.737255,-82.775998,0
txn_0000096432,user_00138,merchant_00378,64.97,2025-11-14 04:25:30.276571,46.463958,-92.670228,1
txn_0000039403,user_00202,merchant_00324,47.63,2026-01-23 20:31:33.276571,28.902778,-115.239929,0
txn_0000004352,user_00248,merchant_00458,31.93,2025-11-05 16:32:43.276571,29.644939,-108.281723,0
txn_0000090416,user_00519,merchant_00135,43.38,2026-01-16 11:28:28.276571,34.530294,-112.920517,0
txn_0000054933,user_00926,merchant_00200,70.25,2025-12-09 10:34:27.276571,32.219557,-109.477895,0
txn_0000066447,user_00262,merchant_00149,73.16,2026-01-03 12:59:45.276571,33.964601,-107.439035,0
txn_0000002480,user_00783,merchant_00110,12.34,2025-11-11 18:57:11.276571,35.288341,-108.198934,0
txn_0000037330,user_00778,merchant_00063,14.64,2025-11-05 12:40:16.276571,27.100435,-92.501815,0
txn_0000023193,user_00616,merchant_00431,328.02,2025-12-25 20:18:59.276571,46.841573,-86.370714,0
txn_0000020442,user_00402,merchant_00430,12.86,2025-11-06 16:43:40.276571,25.573868,-102.386404,0
txn_0000062465,user_00340,merchant_00096,16.61,2025-10-29 16:49:57.276571,36.068577,-96.91526,0
txn_0000072514,user_00502,merchant_00232,1.0,2025-12-19 19:27:28.276571,41.832262,-101.352988,0
txn_0000086366,user_00144,merchant_00170,1.0,2025-12-03 21:31:18.276571,24.8484,-66.269797,0
txn_0000044431,user_00464,merchant_00114,89.05,2025-11-17 04:04:21.276571,24.879607,-99.47199,0
txn_0000098068,user_00521,merchant_00329,55.9,2026-01-14 03:32:27.276571,45.810981,-120.074302,1
txn_0000066630,user_00946,merchant_00259,2.3,2025-11-17 20:57:34.276571,38.645798,-85.785767,0
txn_0000047054,user_00378,merchant_00063,93.07,2025-12-27 14:52:56.276571,46.030227,-105.006853,0
txn_0000017375,user_00232,merchant_00125,129.37,2025-11-08 11:30:23.276571,44.22493,-122.343908,0
txn_0000031065,user_00735,merchant_00061,46.24,2025-12-27 14:03:06.276571,34.779457,-94.767109,0
txn_0000049123,user_00506,merchant_00072,31.47,2025-12-01 12:56:27.276571,28.90702,-82.401966,0
txn_0000043689,user_00882,merchant_00052,1.0,2026-01-02 07:46:08.276571,45.736449,-113.444827,0
txn_0000012672,user_00747,merchant_00111,19.78,2026-01-11 18:16:42.276571,41.715836,-116.333998,0
txn_0000061946,user_00519,merchant_00026,1.0,2025-11-16 09:00:34.276571,34.225953,-112.654269,0
txn_0000056078,user_00233,merchant_00321,67.39,2025-11-09 07:23:10.276571,40.069139,-124.054607,0
txn_0000023264,user_00622,merchant_00299,44.23,2025-11-24 19:52:52.276571,30.131671,-67.476553,0
txn_0000022822,user_00061,merchant_00234,62.17,2026-01-07 20:23:36.276571,38.163661,-107.178168,0
txn_0000016268,user_00485,merchant_00420,60.12,2025-12-30 14:35:41.276571,35.066798,-120.265261,0
txn_0000070770,user_00152,merchant_00276,11.83,2025-11-07 18:31:39.276571,31.523029,-89.944313,0
txn_0000018801,user_00857,merchant_00434,1.0,2025-11-18 13:34:42.276571,32.073079,-77.843625,0
txn_0000022829,user_00151,merchant_00010,1.0,2025-10-30 08:08:31.276571,37.425079,-83.52244,0
txn_0000014380,user_00531,merchant_00241,15.89,2025-11-25 18:55:47.276571,38.184858,-100.349066,0
txn_0000078991,user_00868,merchant_00118,82.9,2025-12-19 11:25:43.276571,46.816257,-74.159458,0
txn_0000013385,user_00327,merchant_00442,106.16,2025-12-02 21:33:51.276571,32.424357,-102.981985,0
txn_0000067253,user_00749,merchant_00401,174.1,2025-11-26 21:08:49.276571,27.587455,-95.647128,0
txn_0000097539,user_00252,merchant_00236,64.57,2025-12-30 03:11:45.276571,47.230088,-86.366862,1
txn_0000032396,user_00344,merchant_00245,59.03,2025-12-09 09:12:04.276571,47.126693,-111.014119,0
txn_0000064393,user_00287,merchant_00118,52.09,2026-01-01 18:43:59.276571,35.534605,-110.44373,0
txn_0000059611,user_00822,merchant_00083,56.99,2026-01-09 15:03:31.276571,31.63817,-73.181755,0
txn_0000034097,user_00418,merchant_00078,1.0,2025-11-16 11:29:19.276571,32.467966,-77.09953,0
txn_0000066136,user_00932,merchant_00185,21.61,2025-11-08 17:11:41.276571,26.696237,-86.624447,0
txn_0000041457,user_00001,merchant_00448,55.17,2025-11-02 05:10:16.276571,45.11013,-108.861423,0
txn_0000079598,user_00912,merchant_00244,48.31,2025-11-24 14:42:13.276571,37.374157,-70.510086,0
txn_0000023782,user_00291,merchant_00377,20.15,2025-11-09 10:41:14.276571,47.438098,-88.295986,0
txn_0000076882,user_00149,merchant_00012,127.61,2025-12-02 21:42:08.276571,30.529042,-123.680649,0
txn_0000029280,user_00409,merchant_00374,89.81,2025-12-30 16:59:31.276571,33.839407,-106.102818,0
txn_0000094278,user_00113,merchant_00004,63.39,2025-10-29 12:58:12.276571,27.802778,-124.866829,0
txn_0000081679,user_00982,merchant_00131,79.7,2026-01-13 12:46:34.276571,32.154984,-74.228774,0
txn_0000060068,user_00560,merchant_00101,58.02,2025-12-14 14:55:51.276571,45.522737,-71.82414,0
txn_0000087143,user_00923,merchant_00484,1.0,2026-01-03 20:40:54.276571,43.398539,-119.721466,0
txn_0000014084,user_00561,merchant_00127,25.02,2026-01-15 08:41:22.276571,46.655615,-72.532668,0
txn_0000071394,user_00978,merchant_00268,97.07,2025-11-30 14:45:02.276571,28.970533,-75.451018,0
txn_0000036063,user_00229,merchant_00212,23.98,2025-12-13 10:27:12.276571,46.667807,-119.222597,0
txn_0000083548,user_00641,merchant_00213,22.38,2025-11-04 21:07:13.276571,29.281122,-78.862712,0
txn_0000030140,user_00129,merchant_00084,58.1,2025-12-08 16:40:16.276571,43.758151,-91.026129,0
txn_0000057042,user_00789,merchant_00094,1.0,2026-01-26 20:59:25.276571,29.966374,-84.94556,0
txn_0000092623,user_00867,merchant_00330,160.07,2026-01-02 23:59:06.276571,37.082857,-84.784552,0
txn_0000004339,user_00895,merchant_00481,35.61,2025-12-22 22:49:31.276571,37.62856,-111.05858,0
txn_0000058664,user_00049,merchant_00142,34.01,2026-01-05 14:15:15.276571,32.693263,-105.738023,0
txn_0000029813,user_00617,merchant_00299,39.67,2026-01-08 19:08:12.276571,45.955212,-98.502404,0
txn_0000071591,user_00523,merchant_00296,26.54,2026-01-14 17:03:27.276571,32.840133,-80.504992,0
txn_0000079889,user_00651,merchant_00211,25.07,2026-01-25 14:43:40.276571,29.076509,-98.351624,0
txn_0000074278,user_00772,merchant_00190,1.0,2026-01-06 08:25:02.276571,38.567793,-112.348654,0
txn_0000013174,user_00138,merchant_00378,1.0,2025-11-14 06:05:03.276571,45.14792,-92.800714,0
txn_0000051435,user_00140,merchant_00181,20.39,2025-12-26 13:49:25.276571,48.348835,-72.507057,0
txn_0000059055,user_00032,merchant_00306,1.0,2025-11-23 13:25:10.276571,43.58672,-69.236263,0
txn_0000036180,user_00795,merchant_00066,35.6,2025-11-12 22:43:16.276571,41.010052,-93.699879,0
txn_0000073027,user_00739,merchant_00192,31.09,2025-12-29 05:04:28.276571,44.825535,-76.344146,0
txn_0000044114,user_00640,merchant_00172,47.34,2026-01-10 12:23:08.276571,42.382093,-76.642366,0
txn_0000039180,user_00743,merchant_00441,19.25,2025-10-31 11:47:50.276571,36.968977,-94.3,0
txn_0000042115,user_00013,merchant_00020,1.12,2026-01-19 16:53:04.276571,34.903112,-101.146008,0
txn_0000049529,user_00280,merchant_00373,126.87,2025-12-14 08:28:49.276571,32.855161,-99.787199,0
txn_0000097875,user_00229,merchant_00049,22.16,2025-11-07 17:16:54.276571,47.011941,-119.072875,1
txn_0000018834,user_00074,merchant_00234,113.11,2025-11-10 01:40:48.276571,31.633927,-85.633763,0
txn_0000041968,user_00222,merchant_00138,1.0,2025-11-02 05:44:49.276571,30.222756,-69.072097,0
txn_0000042342,user_00562,merchant_00146,108.63,2025-11-20 11:00:48.276571,43.900676,-73.404736,0
txn_0000060984,user_00969,merchant_00288,46.88,2025-12-14 11:37:54.276571,31.241501,-89.603308,0
txn_0000044097,user_00281,merchant_00433,1.0,2025-12-22 15:35:08.276571,29.400481,-120.142735,0
txn_0000014289,user_00959,merchant_00393,168.25,2025-11-06 20:29:31.276571,34.8697,-93.075161,0
txn_0000051443,user_00629,merchant_00004,15.95,2026-01-06 09:46:39.276571,28.67491,-85.780358,0
txn_0000065056,user_00296,merchant_00452,7.94,2026-01-09 14:17:15.276571,29.306589,-88.732052,0
txn_0000037769,user_00509,merchant_00085,168.75,2026-01-02 13:26:00.276571,47.72594,-66.229575,0
txn_0000054972,user_00388,merchant_00182,29.55,2026-01-24 10:57:47.276571,41.322802,-76.157168,0
txn_0000084507,user_00599,merchant_00169,1.0,2025-12-16 10:39:45.276571,26.279521,-108.847797,0
txn_0000046622,user_00473,merchant_00271,19.69,2025-11-11 22:50:05.276571,45.464403,-65.289698,0
txn_0000026407,user_00430,merchant_00041,48.96,2026-01-25 13:25:35.276571,34.262405,-102.425824,0
txn_0000051530,user_00832,merchant_00333,92.67,2025-12-02 19:50:49.276571,33.330248,-89.749346,0
txn_0000019870,user_00819,merchant_00219,1.0,2025-11-20 04:57:12.276571,38.423282,-98.553068,0
txn_0000067643,user_00182,merchant_00154,17.13,2026-01-07 11:57:05.276571,32.619484,-99.413141,0
txn_0000035130,user_00849,merchant_00022,120.3,2025-12-08 07:31:04.276571,42.998458,-123.123223,0
txn_0000059896,user_00768,merchant_00495,83.04,2025-10-29 17:32:44.276571,41.050143,-78.074942,0
txn_0000042295,user_00558,merchant_00173,98.7,2025-11-25 13:41:20.276571,34.417449,-85.671384,0
txn_0000040305,user_00971,merchant_00019,34.19,2025-10-30 18:51:44.276571,43.366618,-96.615865,0
txn_0000043147,user_00379,merchant_00267,30.94,2025-12-25 10:40:38.276571,36.889254,-95.506605,0
txn_0000055880,user_00223,merchant_00170,47.88,2025-11-11 19:03:30.276571,27.1732,-111.15217,0
txn_0000011245,user_00297,merchant_00458,41.66,2025-11-17 07:47:57.276571,47.419854,-76.665644,0
txn_0000092368,user_00812,merchant_00002,23.38,2025-12-29 23:21:14.276571,28.502035,-121.839269,0
txn_0000029508,user_00316,merchant_00489,92.7,2025-12-25 20:45:36.276571,35.952029,-80.071038,0
txn_0000056638,user_00241,merchant_00114,67.67,2025-12-06 11:35:23.276571,30.239592,-121.504688,0
txn_0000064704,user_00470,merchant_00391,73.98,2025-12-11 16:12:24.276571,24.922135,-114.932443,0
txn_0000099310,user_00326,merchant_00196,96.7,2025-11-05 12:11:43.276571,44.714078,-89.607197,1
txn_0000009355,user_00586,merchant_00173,63.0,2025-12-19 05:37:10.276571,29.058563,-105.344681,0
txn_0000044270,user_00768,merchant_00131,42.38,2025-11-30 13:15:26.276571,41.329254,-77.993755,0
txn_0000029743,user_00659,merchant_00367,10.17,2026-01-03 14:01:41.276571,47.47708,-114.102002,0
txn_0000099131,user_00346,merchant_00342,1.0,2025-12-18 16:24:36.276571,42.478127,-90.518905,1
txn_0000064018,user_00753,merchant_00160,1.0,2025-11-21 05:05:27.276571,33.787725,-93.286299,0
txn_0000045724,user_00727,merchant_00316,296.36,2025-12-22 08:23:58.276571,39.259819,-89.929845,0
txn_0000002028,user_00431,merchant_00494,650.44,2025-12-25 03:41:20.276571,44.952627,-98.755617,0
txn_0000095775,user_00677,merchant_00249,51.66,2025-12-19 04:24:15.276571,44.85445,-70.22451,1
txn_0000089970,user_00666,merchant_00069,1.0,2025-12-29 16:32:29.276571,27.033703,-71.475156,0
txn_0000015824,user_00426,merchant_00064,29.08,2025-11-19 18:41:29.276571,42.784758,-82.886141,0
txn_0000067719,user_00823,merchant_00359,1.0,2025-12-22 14:51:59.276571,30.699118,-116.898302,0
txn_0000002697,user_00656,merchant_00337,1.0,2025-12-15 18:27:01.276571,26.575267,-117.93546,0
txn_0000065410,user_00526,merchant_00345,18.65,2026-01-19 22:04:31.276571,25.649883,-114.905029,0
txn_0000026870,user_00689,merchant_00101,146.13,2025-12-24 15:28:53.276571,32.961648,-70.60644,0
txn_0000051710,user_00391,merchant_00159,1.0,2025-11-19 15:09:40.276571,44.491312,-65.736819,0
txn_0000077375,user_00923,merchant_00291,91.64,2025-11-08 19:07:03.276571,42.506771,-120.048342,0
txn_0000007264,user_00682,merchant_00089,1.0,2025-12-12 19:37:05.276571,31.729968,-111.678969,0
txn_0000099461,user_00531,merchant_00487,10.01,2026-01-06 05:41:28.276571,38.931654,-99.906938,1
txn_0000036363,user_00603,merchant_00193,42.59,2025-11-11 18:08:00.276571,40.815996,-105.924477,0
txn_0000062471,user_00103,merchant_00170,3.05,2026-01-03 12:30:43.276571,30.362395,-82.362263,0
txn_0000097759,user_00002,merchant_00492,165.5,2025-12-13 08:59:40.276571,26.833062,-117.416095,1
txn_0000030235,user_00010,merchant_00028,26.04,2026-01-22 02:58:04.276571,32.92569,-120.239015,0
txn_0000096804,user_00350,merchant_00029,46.89,2025-10-28 21:42:09.276571,35.89821,-74.862677,1
txn_0000051661,user_00286,merchant_00293,131.52,2025-12-22 23:01:11.276571,30.969031,-76.560397,0
txn_0000044352,user_00913,merchant_00455,66.39,2025-12-21 22:39:01.276571,26.624098,-92.653428,0
txn_0000008796,user_00393,merchant_00275,36.17,2025-12-24 08:56:41.276571,35.669363,-111.580132,0
txn_0000033595,user_00647,merchant_00052,13.13,2026-01-05 21:15:02.276571,44.070764,-110.461669,0
txn_0000063664,user_00805,merchant_00061,80.62,2025-12-01 14:52:32.276571,44.261144,-84.438321,0
txn_0000014139,user_00691,merchant_00485,28.94,2025-11-03 23:17:33.276571,28.243326,-124.423637,0
txn_0000007886,user_00745,merchant_00322,15.58,2025-11-03 09:50:25.276571,31.107842,-105.219682,0
txn_0000097040,user_00927,merchant_00231,103.42,2025-12-27 13:52:02.276571,38.513671,-96.157166,1
txn_0000014490,user_00151,merchant_00455,1.0,2025-11-11 02:44:39.276571,36.877854,-83.652316,0
txn_0000001810,user_00489,merchant_00384,25.3,2025-12-27 08:05:31.276571,43.349395,-100.230635,0
txn_0000076894,user_00984,merchant_00173,57.14,2025-11-04 14:09:17.276571,33.757041,-101.785596,0
txn_0000079476,user_00576,merchant_00137,1.0,2026-01-16 15:25:55.276571,25.560182,-110.710518,0
txn_0000083311,user_00584,merchant_00380,135.56,2025-12-02 11:11:15.276571,47.755871,-92.245755,0
txn_0000086494,user_00752,merchant_00438,6.71,2025-12-20 14:30:48.276571,36.730853,-101.160258,0
txn_0000014592,user_00983,merchant_00408,12.03,2026-01-17 15:24:27.276571,40.104924,-65.813704,0
txn_0000030743,user_00994,merchant_00451,29.07,2025-11-01 16:00:19.276571,41.21078,-68.770416,0
txn_0000049548,user_00020,merchant_00432,22.12,2025-12-02 15:15:37.276571,37.067305,-76.643415,0
txn_0000082503,user_00720,merchant_00377,25.58,2025-12-30 15:46:43.276571,34.403886,-76.85793,0
txn_0000047249,user_00941,merchant_00444,161.37,2025-11-28 13:12:36.276571,39.342755,-106.21463,0
txn_0000087184,user_00097,merchant_00485,76.36,2025-12-02 16:32:48.276571,44.399225,-91.812777,0
txn_0000066643,user_00067,merchant_00178,12.51,2026-01-23 19:42:57.276571,40.81034,-112.234413,0
txn_0000057785,user_00727,merchant_00083,308.69,2025-11-07 14:43:08.276571,38.824146,-89.377076,0
txn_0000061396,user_00193,merchant_00420,88.16,2025-12-02 13:03:34.276571,36.608163,-116.115549,0
txn_0000009140,user_00478,merchant_00019,11.18,2025-12-06 09:43:10.276571,27.01848,-69.336139,0
txn_0000072215,user_00949,merchant_00046,128.47,2025-11-27 13:42:28.276571,42.365606,-113.063667,0
txn_0000083866,user_00443,merchant_00124,185.66,2025-12-19 10:41:45.276571,47.400006,-74.408689,0
txn_0000067071,user_00622,merchant_00104,58.89,2025-12-04 10:23:26.276571,30.433015,-67.038369,0
txn_0000014858,user_00329,merchant_00422,74.59,2025-11-27 06:31:13.276571,25.688864,-75.565214,0
txn_0000027891,user_00228,merchant_00363,8.95,2025-11-13 21:10:31.276571,45.905528,-112.793739,0
txn_0000084870,user_00369,merchant_00287,1.0,2025-12-23 08:37:24.276571,47.712602,-79.62653,0
txn_0000016955,user_00002,merchant_00457,1.0,2025-11-14 06:26:42.276571,27.838848,-117.310872,0
txn_0000034418,user_00376,merchant_00160,37.21,2025-12-26 04:02:47.276571,36.298864,-74.055735,0
txn_0000052676,user_00907,merchant_00094,64.78,2025-12-30 16:49:43.276571,26.512348,-105.579921,0
txn_0000066209,user_00501,merchant_00118,1.0,2026-01-14 04:19:16.276571,38.473937,-74.243999,0
txn_0000093830,user_00538,merchant_00248,7.14,2025-11-11 12:44:07.276571,44.152284,-89.533944,0
txn_0000052844,user_00004,merchant_00432,1.0,2025-11-29 06:02:48.276571,40.387201,-100.30045,0
txn_0000018593,user_00525,merchant_00088,1.0,2025-11-06 14:04:22.276571,46.158536,-115.215646,0
txn_0000092827,user_00360,merchant_00266,59.22,2025-11-26 18:57:22.276571,34.56472,-121.299943,0
txn_0000037359,user_00889,merchant_00006,1.0,2025-11-02 15:03:33.276571,41.155725,-66.087674,0
txn_0000051614,user_00783,merchant_00110,1.0,2025-12-31 14:41:14.276571,34.112122,-108.362705,0
txn_0000058097,user_00881,merchant_00471,1.0,2025-11-08 08:47:46.276571,40.928881,-122.160996,0
txn_0000034750,user_00095,merchant_00199,36.17,2025-12-06 16:45:47.276571,29.935545,-76.243153,0
txn_0000046689,user_00125,merchant_00400,5.13,2026-01-08 22:25:13.276571,28.614044,-105.770787,0
txn_0000013832,user_00615,merchant_00398,1.0,2025-12-22 10:44:49.276571,26.226899,-121.08458,0
txn_0000002678,user_00299,merchant_00251,117.25,2025-12-29 05:22:58.276571,28.43749,-75.469807,0
txn_0000016890,user_00648,merchant_00300,44.3,2025-12-07 14:57:02.276571,42.924587,-94.28497,0
txn_0000061578,user_00905,merchant_00431,13.54,2025-12-07 16:05:32.276571,38.854252,-121.238527,0
txn_0000087084,user_00014,merchant_00169,49.92,2025-12-24 11:52:49.276571,27.071961,-118.404029,0
txn_0000013579,user_00996,merchant_00053,22.74,2025-11-22 23:30:06.276571,42.181461,-118.502167,0
txn_0000041098,user_00011,merchant_00173,1.0,2025-11-17 13:39:30.276571,38.346792,-72.750595,0
txn_0000005271,user_00846,merchant_00433,16.57,2025-11-26 09:02:40.276571,32.64203,-102.77353,0
txn_0000088984,user_00757,merchant_00389,1.0,2026-01-11 14:46:58.276571,36.718651,-94.506646,0
txn_0000046834,user_00574,merchant_00117,1.0,2025-11-09 21:59:25.276571,39.024216,-109.34367,0
txn_0000027549,user_00929,merchant_00163,223.33,2025-12-13 15:17:20.276571,33.468377,-89.903128,0
txn_0000033936,user_00109,merchant_00499,16.25,2025-11-29 10:30:48.276571,42.576745,-76.332313,0
txn_0000080779,user_00057,merchant_00036,33.46,2025-11-12 07:55:51.276571,41.264997,-118.060067,0
txn_0000087394,user_00220,merchant_00358,46.05,2026-01-13 19:35:15.276571,36.339768,-115.782874,0
txn_0000035998,user_00866,merchant_00229,21.13,2025-12-19 09:50:58.276571,45.588735,-74.990092,0
txn_0000087160,user_00524,merchant_00075,209.52,2025-12-22 06:43:34.276571,28.725279,-113.694037,0
txn_0000028297,user_00399,merchant_00167,227.57,2025-11-28 12:07:03.276571,41.005784,-99.354579,0
txn_0000069403,user_00765,merchant_00357,1.0,2025-11-15 18:24:50.276571,37.478383,-77.321685,0
txn_0000092907,user_00384,merchant_00384,1.0,2025-11-17 11:31:06.276571,33.562912,-76.669801,0
txn_0000089570,user_00232,merchant_00293,143.61,2026-01-19 07:22:23.276571,43.630509,-121.975079,0
txn_0000008276,user_00743,merchant_00065,31.0,2025-11-23 08:51:11.276571,37.984782,-93.90437,0
txn_0000054671,user_00379,merchant_00223,47.23,2025-11-25 08:16:53.276571,35.668589,-93.935714,0
txn_0000086762,user_00424,merchant_00034,45.37,2025-12-26 19:04:28.276571,25.603375,-121.008861,0
txn_0000026219,user_00607,merchant_00273,13.14,2025-11-18 01:24:28.276571,38.368381,-65.705052,0
txn_0000070698,user_00065,merchant_00331,116.63,2025-12-01 11:21:16.276571,42.249603,-98.57982,0
txn_0000040478,user_00792,merchant_00275,57.62,2025-12-07 16:22:13.276571,36.637545,-96.993184,0
txn_0000022606,user_00835,merchant_00484,1.0,2025-12-18 08:49:14.276571,39.034363,-74.711872,0
txn_0000021192,user_00362,merchant_00068,21.51,2025-11-28 19:32:30.276571,32.810061,-74.567139,0
txn_0000097287,user_00322,merchant_00096,374.55,2025-11-06 02:04:04.276571,41.166227,-118.143736,1
txn_0000046519,user_00595,merchant_00155,1.0,2025-12-15 10:43:09.276571,39.877997,-86.221842,0
txn_0000060023,user_00987,merchant_00392,177.11,2026-01-13 10:14:30.276571,39.857838,-73.192725,0
txn_0000053585,user_00974,merchant_00390,87.86,2025-11-23 22:48:37.276571,25.53871,-72.530783,0
txn_0000001351,user_00832,merchant_00217,1.0,2025-12-11 18:29:57.276571,33.501879,-89.071118,0
txn_0000049143,user_00370,merchant_00086,43.83,2026-01-03 14:45:21.276571,33.344453,-114.865501,0
txn_0000015142,user_00369,merchant_00287,21.87,2025-12-09 06:30:32.276571,47.035102,-78.957846,0
txn_0000085868,user_00062,merchant_00072,105.41,2026-01-15 11:07:27.276571,40.026341,-73.835054,0
txn_0000068326,user_00003,merchant_00252,68.04,2025-11-07 23:58:59.276571,29.904386,-84.692029,0
txn_0000069958,user_00716,merchant_00101,24.47,2026-01-15 07:23:37.276571,36.836913,-124.400411,0
txn_0000006077,user_00460,merchant_00467,1.0,2026-01-02 08:52:11.276571,39.536454,-66.22256,0
txn_0000055707,user_00612,merchant_00339,39.57,2025-11-22 21:46:15.276571,44.120853,-68.716317,0
txn_0000099681,user_00525,merchant_00294,157.91,2025-11-14 09:22:11.276571,45.939253,-115.152479,1
txn_0000082779,user_00931,merchant_00119,1.0,2026-01-14 06:27:19.276571,39.825447,-113.955436,0
txn_0000082766,user_00411,merchant_00397,501.11,2026-01-18 19:05:53.276571,28.849587,-106.745761,0
txn_0000087121,user_00523,merchant_00071,48.18,2025-11-15 11:31:42.276571,33.417162,-80.49633,0
txn_0000028946,user_00985,merchant_00448,1.0,2025-11-27 14:00:05.276571,34.531466,-95.449055,0
txn_0000045377,user_00110,merchant_00381,1.66,2026-01-17 11:49:34.276571,32.200116,-94.177177,0
txn_0000063747,user_00321,merchant_00244,14.67,2025-11-26 08:07:41.276571,34.688349,-122.858303,0
txn_0000057231,user_00002,merchant_00188,40.52,2025-12-30 07:15:51.276571,28.27921,-116.741033,0
txn_0000066809,user_00760,merchant_00239,76.04,2025-11-27 10:49:28.276571,37.466375,-70.472448,0
txn_0000025555,user_00765,merchant_00019,1.0,2025-12-04 20:38:08.276571,37.41202,-76.182234,0
txn_0000068209,user_00433,merchant_00159,84.55,2025-11-12 23:50:51.276571,32.609579,-103.527273,0
txn_0000075540,user_00466,merchant_00047,1.0,2025-12-04 22:02:21.276571,31.516898,-89.017336,0
txn_0000098729,user_00000,merchant_00234,1.0,2026-01-07 13:30:56.276571,42.408229,-88.877087,1
txn_0000025659,user_00928,merchant_00477,343.9,2026-01-01 22:15:58.276571,24.881745,-102.985955,0
txn_0000014812,user_00509,merchant_00311,194.63,2025-11-01 15:49:50.276571,47.384031,-65.500893,0
